--This sql file created tables for Azure DB
CREATE DATABASE movie;
USE movie;

CREATE TABLE GENRE (
  genre_id      int             NOT NULL,
  genre_name    varchar(150)    NOT NULL,
  PRIMARY KEY   (genre_id)
);
--drop table GENRE;

INSERT INTO GENRE VALUES (100,'Comedies'),(101,'Horror Movies'),(102,'Thrillers'),(103,'Action & Adventure'),(104,'Dramas'),(105,'Children & Family Movies'),(106,'Classic Movies'),(107,'Documentaries'),(108,'Stand-Up Comedy'),(109,'Cult Movies');


CREATE TABLE DIRECTOR (
  director_id      int              NOT NULL,
  director_name    varchar(150)     NOT NULL,
  PRIMARY KEY   (director_id)
);
--drop table DIRECTOR;

INSERT INTO DIRECTOR VALUES (20000,'Theodore Melfi'),(20001,'Dennis Dugan'),(20002,'Scott Stewart'),(20003,'Robert Luketic'),(20004,'George Nolfi'),(20005,'Steven Spielberg'),(20006,'Jeannot Szwarc'),(20007,'Joe Alves'),(20008,'Joseph Sargent'),(20009,'Daniel Espinosa'),(20010,'Antoine Fuqua'),(20011,'Cedric Nicolas-Troyan'),(20012,'Raja Gosnell'),(20013,'David de Vos'),(20014,'Jane Campion'),(20015,'Mark Rosman'),(20016,'Lasse Hallström'),(20017,'Ridley Scott'),(20018,'Neill Blomkamp'),(20019,'Phillip Noyce'),(20020,'Renny Harlin'),(20021,'Anthony Minghella'),(20022,'Simon Wincer'),(20023,'Spike Lee'),(20024,'Steven C. Miller'),(20025,'Richard LaGravenese'),(20026,'Martin Campbell'),(20027,'Reginald Hudlin'),(20028,'George Jackson'),(20029,'Eric Meza'),(20030,'Michael Martin'),(20031,'Michael Rymer'),(20032,'Jim Henson'),(20033,'Gary Winick'),(20034,'Troy Byer'),(20035,'Tim Burton'),(20036,'David Zucker'),(20037,'Kinka Usher'),(20038,'Sergio Leone'),(20039,'Matthew O''Callaghan'),(20040,'Bobby Farrelly'),(20041,'Wolfgang Petersen'),(20042,'Peter Spirer'),(20043,'Michael Carney'),(20044,'Richard Linklater'),(20045,'Amy Rice'),(20046,'Randal Kleiser'),(20047,'Michael Ritchie'),(20048,'Evan Goldberg'),(20049,'Tom Shadyac'),(20050,'Malcolm D. Lee'),(20051,'Taylor Sheridan'),(20052,'Roger Donaldson'),(20053,'David Oyelowo'),(20054,'Brian Andrew Mendoza'),(20055,'Drake Doremus'),(20056,'Steve Brill'),(20057,'Jonathan Teplitzky'),(20058,'Dustin Hoffman'),(20059,'Quoc Bao Tran'),(20060,'Kirk DeMicco'),(20061,'James Mangold'),(20062,'Brian Levant'),(20063,'Rod Daniel'),(20064,'Robert Zemeckis'),(20065,'Todor Chapkanov'),(20066,'Phil Lord'),(20067,'John Hughes'),(20068,'Justin Baldoni'),(20069,'Joe Roth'),(20070,'Mark Helfrich'),(20071,'Christopher Nolan'),(20072,'Paul Thomas Anderson'),(20073,'Nick Castle'),(20074,'Howard Zieff'),(20075,'David Feiss'),(20076,'David Gordon Green'),(20077,'Jorge Blanco'),(20078,'Zara Hayes'),(20079,'Gary Ross'),(20080,'Clint Eastwood'),(20081,'Trey Parker'),(20082,'Kelly Fremon Craig'),(20083,'Tom Elkins'),(20084,'Tony Scott'),(20085,'Brad Furman'),(20086,'Sylvain White'),(20087,'Brad Anderson'),(20088,'Irwin Winkler'),(20089,'Garry Marshall'),(20090,'Quentin Tarantino'),(20091,'Clay Glen'),(20092,'Edward Drake'),(20093,'Sofia Coppola'),(20094,'Colin Trevorrow'),(20095,'Bill Condon'),(20096,'David Slade'),(20097,'Chris Weitz'),(20098,'Catherine Hardwicke'),(20099,'Ash Brannon'),(20100,'Nima Nourizadeh'),(20101,'Jericca Cleland'),(20102,'Hallie Meyers-Shyer'),(20103,'Scott Speer'),(20104,'Barry Levinson'),(20105,'Camille Delamarre'),(20106,'Bong Joon Ho'),(20107,'Michael Spierig'),(20108,'Ernie Barbarash'),(20109,'Jay Roach'),(20110,'McG'),(20111,'Frank Marshall'),(20112,'Joel Hopkins'),(20113,'John Stevenson'),(20114,'Jennifer Yuh Nelson'),(20115,'Greg Berlanti'),(20116,'Garth Davis'),(20117,'Rob Marshall'),(20118,'Martin Brest'),(20119,'Paul W.S. Anderson'),(20120,'Ivan Reitman'),(20121,'Joel Gallen'),(20122,'Claire McCarthy'),(20123,'Trevor Nunn'),(20124,'Gabriele Muccino'),(20125,'Jim Field Smith'),(20126,'Chris Koch'),(20127,'J.J. Abrams'),(20128,'Rob Minkoff'),(20129,'Lynn Shelton'),(20130,'Adam McKay'),(20131,'Anton Corbijn'),(20132,'Robin Bissell'),(20133,'David Fincher'),(20134,'John G. Avildsen'),(20135,'Alan Parker'),(20136,'Walter Hill'),(20137,'Stephen Frears'),(20138,'Bryan Bertino'),(20139,'Phil Alden Robinson'),(20140,'Florian Henckel von Donnersmarck'),(20141,'Len Wiseman'),(20142,'Måns Mårlind'),(20143,'Patrick Tatopoulos'),(20144,'Vincent Ward'),(20145,'Gregory Nava'),(20146,'Matt Aselton'),(20147,'Andrew Dominik'),(20148,'Jonathan Hensleigh'),(20149,'Justin P. Lange'),(20150,'Paul Weitz'),(20151,'David O. Russell'),(20152,'Ricardo de Montreuil'),(20153,'Daniel Schechter'),(20154,'Mike Gunther'),(20155,'Manjari Makijany'),(20156,'Chris Appelhans'),(20157,'Michael Tiddes'),(20158,'Mark Waters'),(20159,'Matthew Heineman'),(20160,'Lance Hool'),(20161,'Les Mayfield'),(20162,'Roger Christian'),(20163,'Lance Young'),(20164,'Don Michael Paul'),(20165,'Andrzej Bartkowiak'),(20166,'Harold Becker'),(20167,'Ric Roman Waugh'),(20168,'Rob Reiner'),(20169,'Andy Tennant'),(20170,'Scott Spiegel'),(20171,'Jessie Nelson'),(20172,'Theodore Witcher'),(20173,'Michael Jai White'),(20174,'James McTeigue'),(20175,'Michelle MacLaren'),(20176,'Todd Phillips'),(20177,'Dominic Sena');


CREATE TABLE RATING (
  rating_id      int            NOT NULL,
  rating_type    varchar(10)    NOT NULL,
  PRIMARY KEY   (rating_id)
);
--drop table RATING;

INSERT INTO RATING VALUES (30,'PG-13'),(31,'PG'),(32,'R'),(33,'G');


CREATE TABLE ACTOR (
  actor_id      int             NOT NULL,
  actor_name    varchar(150)    NOT NULL,
  PRIMARY KEY   (actor_id)
);
--drop table ACTOR;

INSERT INTO ACTOR VALUES (40000,'Eddie Murphy'),(40001,'Óscar Jaenada'),(40002,'Molly Shannon'),(40003,'Barrett Doss'),(40004,'Ankit Yadav'),(40005,'John Travolta'),(40006,'Zachary Quinto'),(40007,'Nathalie Baye'),(40008,'Rosamund Pike'),(40009,'Kadan Rockett'),(40010,'Daisy Head'),(40011,'Craig Fairbrass'),(40012,'Peter Francis James'),(40013,'Nora Dunn'),(40014,'Robin Shou'),(40015,'Corey Johnson'),(40016,'Tiger Chung Lee'),(40017,'Rosario Dawson'),(40018,'Willie Garson'),(40019,'Chuck D.'),(40020,'Scott Porter'),(40021,'Philip Baker Hall'),(40022,'MC Eiht'),(40023,'Annie Corley'),(40024,'Ann Dusenberry'),(40025,'Mya'),(40026,'Jeremy Shada'),(40027,'Madeline Carroll'),(40028,'Derrick Carr'),(40029,'Ron Yuan'),(40030,'Jennifer Aniston'),(40031,'Too $hort'),(40032,'Edi Gathegi'),(40033,'Muse Watson'),(40034,'Kelly Jo Minter'),(40035,'Kerry Fox'),(40036,'James Yi'),(40037,'Harris Yulin'),(40038,'Bruce Willis'),(40039,'Mia Sara'),(40040,'Jamie Lee Curtis'),(40041,'Jim Beaver'),(40042,'Shawn Prince'),(40043,'Murray Hamilton'),(40044,'Kerry Shale'),(40045,'Jürgen Prochnow'),(40046,'Thomas Jane'),(40047,'Jamie Bell'),(40048,'Melora Walters'),(40049,'Griffin Dunne'),(40050,'Hugh Dillon'),(40051,'Robin Soans'),(40052,'Jordan-Claire Green'),(40053,'Claire Forlani'),(40054,'Wes Bentley'),(40055,'Jermaine Love'),(40056,'Steve Rackman'),(40057,'Robin Wright'),(40058,'Dennis Christopher'),(40059,'Serge Cockburn'),(40060,'Tchéky Karyo'),(40061,'Tim Meadows'),(40062,'Lonnie Chavis'),(40063,'Harry Carey Jr.'),(40064,'Garry Chalk'),(40065,'Andrew Cownden'),(40066,'Jonathan Readwin'),(40067,'Larenz Tate'),(40068,'Iman'),(40069,'Steve Schirripa'),(40070,'Diane Baker'),(40071,'Angela Sarafyan'),(40072,'Billy Magnussen'),(40073,'Jon Rudnitsky'),(40074,'Jason Clarke'),(40075,'Pico Alexander'),(40076,'Jake Walker'),(40077,'Jermaine Dupri'),(40078,'Drea de Matteo'),(40079,'Bill Nunn'),(40080,'Don Cheadle'),(40081,'Christina Hendricks'),(40082,'Ron Lester'),(40083,'Mack 10'),(40084,'Eleonore Weisgerber'),(40085,'Peter Sarsgaard'),(40086,'Steven Berkoff'),(40087,'Brandon Auret'),(40088,'Pruitt Taylor Vince'),(40089,'Olivia Holt'),(40090,'Tom Skerritt'),(40091,'Dakota Fanning'),(40092,'Michaela Watkins'),(40093,'Giovanni Guidelli'),(40094,'Camryn Manheim'),(40095,'Deborah Kara Unger'),(40096,'Scott Speedman'),(40097,'Laura Margolis'),(40098,'Anne Hathaway'),(40099,'Richard Foronjy'),(40100,'Pauline Collins'),(40101,'Peter Donat'),(40102,'Kevin Hart'),(40103,'Jermaine Washington'),(40104,'Nickola Shreli'),(40105,'Penelope Ann Miller'),(40106,'David Duchovny'),(40107,'John Turturro'),(40108,'Jim Curley'),(40109,'Bryce Dallas Howard'),(40110,'Thorston Manderlay'),(40111,'Jillian Murray'),(40112,'Ben Miles'),(40113,'Mark Lewis'),(40114,'James Norton'),(40115,'Chris Casamassa'),(40116,'Michael Rooker'),(40117,'Hugh Jackman'),(40118,'Trevor Peacock'),(40119,'Camryn Grimes'),(40120,'Chris Galust'),(40121,'Gwyneth Jones'),(40122,'Denis Ménochet'),(40123,'Hiroyuki Sanada'),(40124,'Margaret Avery'),(40125,'Kevin Fuller'),(40126,'Kal Penn'),(40127,'Barry Coe'),(40128,'Will Yun Lee'),(40129,'Greta Gerwig'),(40130,'Dennis Quaid'),(40131,'David Carradine'),(40132,'Gary Weeks'),(40133,'Raad Rawi'),(40134,'Nichole Galicia'),(40135,'Rhona Mitra'),(40136,'Shô Kosugi'),(40137,'Tom Cruise'),(40138,'Paul Reiser'),(40139,'Andy Samberg'),(40140,'Jillian Bell'),(40141,'Lochlyn Munro'),(40142,'Jennifer Grey'),(40143,'Lisa Nicole Carson'),(40144,'Karen Young'),(40145,'Wentworth Miller'),(40146,'Marc Maron'),(40147,'Chad Michael Collins'),(40148,'Rus Blackwell'),(40149,'Shafin Patel'),(40150,'Paul Herman'),(40151,'Neal McDonough'),(40152,'Peter Kelamis'),(40153,'Olivia Thirlby'),(40154,'Daniele Pecci'),(40155,'Daniel Schorr'),(40156,'Kristen Stewart'),(40157,'Robert Shaw'),(40158,'Eliza Taylor'),(40159,'Randall Tex Cobb'),(40160,'Anna Massey'),(40161,'Debi Mazar'),(40162,'Dennis Miller'),(40163,'Ian Chen'),(40164,'Norm Misura'),(40165,'Antonio Leyba'),(40166,'Max Casella'),(40167,'Ethan Hawke'),(40168,'Sam Shepard'),(40169,'Rick Overton'),(40170,'Jason Watkins'),(40171,'Taika Waititi'),(40172,'Cristos'),(40173,'Zoe Saldana'),(40174,'Jennifer Lopez'),(40175,'Martin Kove'),(40176,'Paul Mazursky'),(40177,'Michael Clarke Duncan'),(40178,'Ashley Greene'),(40179,'Olivia Hack'),(40180,'Cedric the Entertainer'),(40181,'Lesley Manville'),(40182,'Amila Terzimehic'),(40183,'Krysten Ritter'),(40184,'Waheeda Rehman'),(40185,'Ben Stein'),(40186,'Jonathan Filley'),(40187,'Chris Cooper'),(40188,'Jeffrey Tambor'),(40189,'Sarah Jessica Parker'),(40190,'Brady Jenness'),(40191,'Tamlyn Tomita'),(40192,'Susan Floyd'),(40193,'John Koyama'),(40194,'Genevieve Lemon'),(40195,'Awaovieyi Agie'),(40196,'Octavia Spencer'),(40197,'Casey Siemaszko'),(40198,'Tuesday Weld'),(40199,'Danny Kamekona'),(40200,'Jennifer Coolidge'),(40201,'Julianne Moore'),(40202,'Linda Kozlowski'),(40203,'Anna Paquin'),(40204,'Jacinda Barrett'),(40205,'Yana Marinova'),(40206,'James Keach'),(40207,'Michael Gambon'),(40208,'Shelby Leverington'),(40209,'James Coburn'),(40210,'Jet Li'),(40211,'Anthony Johnson'),(40212,'Paolo Bonacelli'),(40213,'Shira Haas'),(40214,'Ben Mendelsohn'),(40215,'Crispin Glover'),(40216,'Luis Guzmán'),(40217,'Stacey Asaro'),(40218,'Steve Coulter'),(40219,'Paul Schneider'),(40220,'William Forsythe'),(40221,'Leonard Roberts'),(40222,'Nasir ''Nas'' Jones'),(40223,'David McCullough'),(40224,'Fran Ryan'),(40225,'Patrick Schwarzenegger'),(40226,'Busta Rhymes'),(40227,'Peyton Chesson-Fohl'),(40228,'Craig Sheffer'),(40229,'L. Scott Caldwell'),(40230,'Masasa Moyo'),(40231,'Burt Young'),(40232,'Nat Wolff'),(40233,'Philip Ng'),(40234,'Sandrine Holt'),(40235,'Pam Grier'),(40236,'Ynairaly Simo'),(40237,'Morgan Paull'),(40238,'Raymond Cruz'),(40239,'Alon Aboutboul'),(40240,'Naomi Watts'),(40241,'John Cho'),(40242,'Elpidia Carrillo'),(40243,'Michael Ealy'),(40244,'Carroll Baker'),(40245,'Stephen Dorff'),(40246,'Isla Fisher'),(40247,'Adam Pascal'),(40248,'Sammi Rotibi'),(40249,'Mimi Rogers'),(40250,'Mr. T'),(40251,'Matthew Broderick'),(40252,'Robert Pattinson'),(40253,'India Eisley'),(40254,'Skyler Gisondo'),(40255,'LaTanya Richardson Jackson'),(40256,'Gus Mercurio'),(40257,'Vinayak Gupta'),(40258,'Ivonne Coll'),(40259,'Siobhan Fallon Hogan'),(40260,'Natasha Lyonne'),(40261,'Adam Sandler'),(40262,'Fred Savage'),(40263,'Jon Voight'),(40264,'Janeane Garofalo'),(40265,'François Petit'),(40266,'Dustin Hoffman'),(40267,'Robert Maillet'),(40268,'Mark Dacascos'),(40269,'Ben Stiller'),(40270,'Elya Baskin'),(40271,'Alexis Clagett'),(40272,'Joey Gaydos Jr.'),(40273,'Pat Morita'),(40274,'Judi Dench'),(40275,'Tom Stokes'),(40276,'Zhang Ziyi'),(40277,'Jamie Dornan'),(40278,'Cerina Vincent'),(40279,'Mark Boone Junior'),(40280,'Rosie Perez'),(40281,'Oona Laurence'),(40282,'Fred Thompson'),(40283,'Shelley Winters'),(40284,'Fernando Chien'),(40285,'James Marsden'),(40286,'Brian Tyree Henry'),(40287,'Embeth Davidtz'),(40288,'Olga Kurylenko'),(40289,'Luke Pasqualino'),(40290,'Tony O''Dell'),(40291,'Angourie Rice'),(40292,'Richard Zeman'),(40293,'Eric Lange'),(40294,'Bruce Campbell'),(40295,'Morgan Lily'),(40296,'Daisy Ridley'),(40297,'Trey Parker'),(40298,'Justin Long'),(40299,'Bill Smitrovich'),(40300,'Damian Lewis'),(40301,'James Garner'),(40302,'Jason Bateman'),(40303,'Sean Penn'),(40304,'Vincent Curatola'),(40305,'Franco Nero'),(40306,'Michael Murphy'),(40307,'D.B. Sweeney'),(40308,'Heather Graham'),(40309,'Madeline Zima'),(40310,'Ian McShane'),(40311,'Louis Gossett Jr.'),(40312,'Evan Dando'),(40313,'Savannah Smith Boucher'),(40314,'Jacki Weaver'),(40315,'Treat Williams'),(40316,'April Grace'),(40317,'Luisa De Santis'),(40318,'Thora Birch'),(40319,'Ann Nelson'),(40320,'Michelle Murdocca'),(40321,'Charlie Sheen'),(40322,'Sophie Cookson'),(40323,'Ras Kass'),(40324,'Haley Lu Richardson'),(40325,'A.J. Johnson'),(40326,'Yu Xia'),(40327,'Vinnie Jones'),(40328,'Johnny Depp'),(40329,'Josh Peck'),(40330,'Jeffrey Jones'),(40331,'Frank Oz'),(40332,'Kevin Grevioux'),(40333,'Stella Shute'),(40334,'Royce D. Applegate'),(40335,'Dana Gourrier'),(40336,'Dennis Haysbert'),(40337,'John Malkovich'),(40338,'Nikki Reed'),(40339,'Holly Hunter'),(40340,'Harold Perrineau'),(40341,'Justin Bartha'),(40342,'Julian Vergov'),(40343,'Reva Timbers'),(40344,'Chris Rock'),(40345,'Rosalind Chao'),(40346,'Adam Taylor'),(40347,'Geraldine Brophy'),(40348,'Connie Britton'),(40349,'Corey Large'),(40350,'Al Thompson'),(40351,'Toby Huss'),(40352,'P.J. Byrne'),(40353,'Kim Coates'),(40354,'Matt Salinger'),(40355,'Owen Wilson'),(40356,'Topher Grace'),(40357,'Liam Neeson'),(40358,'Addison Riecke'),(40359,'Beyoncé Knowles-Carter'),(40360,'Ayisha Issa'),(40361,'Leem Lubany'),(40362,'Reid Scott'),(40363,'Mike White'),(40364,'Stellan Skarsgård'),(40365,'Verne Troyer'),(40366,'Richard Dreyfuss'),(40367,'David Patrick Kelly'),(40368,'Paul Giamatti'),(40369,'Terence Stamp'),(40370,'Trevor Gretzky'),(40371,'Ben Whishaw'),(40372,'Roy Scheider'),(40373,'Heavy D'),(40374,'Lauryn Hill'),(40375,'James Hong'),(40376,'Jeffrey Kramer'),(40377,'Susan Backlinie'),(40378,'Donald Sutherland'),(40379,'Josh Duhamel'),(40380,'Tom Everett'),(40381,'Kevin Spacey'),(40382,'Raymond Ma'),(40383,'Fred Durst'),(40384,'Marc Hayashi'),(40385,'Khalil Kain'),(40386,'Lee Tockar'),(40387,'Gerard Monaco'),(40388,'Tommy Lee Jones'),(40389,'Sam Spruell'),(40390,'Jeremy Sisto'),(40391,'M. Emmet Walsh'),(40392,'Michael Caine'),(40393,'Sandra Bullock'),(40394,'Jacob Tremblay'),(40395,'Johnny Lewis'),(40396,'Vivica A. Fox'),(40397,'Gloria Estefan'),(40398,'Shea Whigham'),(40399,'Tiera Skovbye'),(40400,'Mediha Musliovic'),(40401,'Juliette Lewis'),(40402,'Cullen Moss'),(40403,'Youki Kudoh'),(40404,'Colin Stinton'),(40405,'Emily Ratajkowski'),(40406,'Zach Grenier'),(40407,'Robin Bartlett'),(40408,'Josh Hamilton'),(40409,'Nestor Serrano'),(40410,'Channing Tatum'),(40411,'Taylor Kinney'),(40412,'Brian Drummond'),(40413,'Ravi Kapoor'),(40414,'Mary Ellen Trainor'),(40415,'Robert Patrick'),(40416,'Spike Lee'),(40417,'Lacey Chabert'),(40418,'Robert Wagner'),(40419,'David Ryall'),(40420,'Nick Chinlund'),(40421,'Cam Gigandet'),(40422,'Cole Sprouse'),(40423,'Kellan Lutz'),(40424,'Joaquin Phoenix'),(40425,'Robert Miranda'),(40426,'Liev Schreiber'),(40427,'P. Lynn Johnson'),(40428,'Mark Gruner'),(40429,'Ricky Jay'),(40430,'Oliver Muirhead'),(40431,'Brion James'),(40432,'Michael Paré'),(40433,'Zulay Henao'),(40434,'Jon Abrahams'),(40435,'Mike Seal'),(40436,'Uri Gavriel'),(40437,'Anthony Hopkins'),(40438,'Andy Milder'),(40439,'Bernadette L. Clarke'),(40440,'Richard Masur'),(40441,'Richard Lawson'),(40442,'Eli Gabay'),(40443,'James Arnold Taylor'),(40444,'Tim Post'),(40445,'Stephen Campbell Moore'),(40446,'Dean Stockwell'),(40447,'Eric Bana'),(40448,'Paul Jurewicz'),(40449,'Tom Waits'),(40450,'Omar Chaparro'),(40451,'Frank John Hughes'),(40452,'Karl Urban'),(40453,'Vivek Yadav'),(40454,'Alfred Molina'),(40455,'Sarah Chalke'),(40456,'Christian De Sica'),(40457,'Lucinda Jenney'),(40458,'Fred Williamson'),(40459,'Keri Russell'),(40460,'Bill Hader'),(40461,'Angelina Jolie'),(40462,'JoAnna Garcia Swisher'),(40463,'Maya Rudolph'),(40464,'Daveed Diggs'),(40465,'Lex Scott Davis'),(40466,'Joseph Gordon-Levitt'),(40467,'Brian Hallisay'),(40468,'Macaulay Culkin'),(40469,'Riki Lindhome'),(40470,'Eric Jungmann'),(40471,'Redman'),(40472,'Hilary Swank'),(40473,'Fabiana Udenio'),(40474,'Alec Wilson'),(40475,'O-Lan Jones'),(40476,'Julian McMahon'),(40477,'Reg E. Cathey'),(40478,'Lin Shaye'),(40479,'Chris Warner'),(40480,'Clea Lewis'),(40481,'Timothy Olyphant'),(40482,'Phil Hendrie'),(40483,'Val Kilmer'),(40484,'Marcia Gay Harden'),(40485,'Renée Zellweger'),(40486,'Tim Robbins'),(40487,'Joy Bryant'),(40488,'Harvey Keitel'),(40489,'Joan Plowright'),(40490,'Ron Mueck'),(40491,'Bridget Moynahan'),(40492,'Will Smith'),(40493,'Seann William Scott'),(40494,'Colin Quinn'),(40495,'Paul Rodriguez'),(40496,'Kris Holden-Ried'),(40497,'Emmy Rossum'),(40498,'Dan Aykroyd'),(40499,'Jackson Rathbone');
INSERT INTO ACTOR VALUES (40500,'Lance E. Nichols'),(40501,'Guy Pearce'),(40502,'Domenick Lombardozzi'),(40503,'Will Ferrell'),(40504,'Tony Hale'),(40505,'Isabela Merced'),(40506,'Scottie Epstein'),(40507,'George Cheung'),(40508,'Chris Egan'),(40509,'Jeremy Blackman'),(40510,'Donald Moffat'),(40511,'Giancarlo Esposito'),(40512,'Daniel Rey'),(40513,'Ben Affleck'),(40514,'Joey Villasenor'),(40515,'Greg Wise'),(40516,'Kevin Wiggins'),(40517,'Kevin Weisman'),(40518,'Pete Postlethwaite'),(40519,'Nia Long'),(40520,'Kevin Alexander Clark'),(40521,'Robyn Lively'),(40522,'Isiah Whitlock Jr.'),(40523,'Shirley MacLaine'),(40524,'Grant Piro'),(40525,'Charles Ingram'),(40526,'Troy Gentile'),(40527,'Wes Studi'),(40528,'Richard van Weyden'),(40529,'Christopher Walken'),(40530,'Joseph Rosenberg'),(40531,'Vera Farmiga'),(40532,'Ray Winstone'),(40533,'Christopher Martin'),(40534,'James Whitmore Jr.'),(40535,'Anna Katarina'),(40536,'Ice-T'),(40537,'John Gallagher Jr.'),(40538,'Nicole Byer'),(40539,'Dave Chappelle'),(40540,'D.L. Hughley'),(40541,'Adria Arjona'),(40542,'Edward James Olmos'),(40543,'William Devane'),(40544,'Anupam Kher'),(40545,'Anne Archer'),(40546,'Ian Mune'),(40547,'Elizabeth Hawthorne'),(40548,'James Caan'),(40549,'Tim Curry'),(40550,'Kristopher Van Varenberg'),(40551,'Reese Alexander'),(40552,'Tom Felton'),(40553,'Cary Elwes'),(40554,'Affion Crockett'),(40555,'Jesuthasan Antonythasan'),(40556,'Ernie Hudson'),(40557,'Chris Browning'),(40558,'Navia Nguyen'),(40559,'Loren Dean'),(40560,'Anthony Boswell'),(40561,'Mindy Kaling'),(40562,'Edith Fields'),(40563,'Timothy Dalton'),(40564,'Ben Cross'),(40565,'Brad Pitt'),(40566,'Robin Williams'),(40567,'Mike Colter'),(40568,'Jeremy Northam'),(40569,'Sally Hughes'),(40570,'Lorne Cardinal'),(40571,'Peter Clayton-Luce'),(40572,'Elizabeth Banks'),(40573,'Liv Tyler'),(40574,'Kid Rock'),(40575,'Keith David'),(40576,'Richard Caruso'),(40577,'Ryan Reynolds'),(40578,'Don Harvey'),(40579,'Matthew Del Negro'),(40580,'Johnny Messner'),(40581,'Paul Anthony'),(40582,'Elle Fanning'),(40583,'Victor Wong'),(40584,'Suave'),(40585,'Clive Owen'),(40586,'Susan French'),(40587,'Laurence Fishburne'),(40588,'Michael Jai White'),(40589,'Austin Obiajunwa'),(40590,'Burt Reynolds'),(40591,'Edie Martin'),(40592,'Ewen Bremner'),(40593,'Josh Gad'),(40594,'Macy Gray'),(40595,'Gilbert Glenn Brown'),(40596,'Sal Masekela'),(40597,'Paul Francis'),(40598,'Hayes MacArthur'),(40599,'Eric Keenleyside'),(40600,'Henry Czerny'),(40601,'Georgia Craig'),(40602,'Lynda Boyd'),(40603,'Hill Harper'),(40604,'Celia Weston'),(40605,'Alisha Boe'),(40606,'Jose Pablo Cantillo'),(40607,'Irina Björklund'),(40608,'Stacy Keach'),(40609,'Bobby Moynihan'),(40610,'Jose Lucena Jr.'),(40611,'Arian Moayed'),(40612,'Ken Davitian'),(40613,'Zoey Deutch'),(40614,'Xander Berkeley'),(40615,'Reese Witherspoon'),(40616,'Tahar Rahim'),(40617,'Vince Vaughn'),(40618,'Ambrish Saxena'),(40619,'Sarah Burns'),(40620,'Eva Longoria'),(40621,'Christopher Egan'),(40622,'Dileep Rao'),(40623,'Robert Redford'),(40624,'Alain Uy'),(40625,'Dean Geyer'),(40626,'Kel Mitchell'),(40627,'April L. Hernandez'),(40628,'Clarke Peters'),(40629,'Dolly Wells'),(40630,'Marlon Wayans'),(40631,'Jaclyn Ngan'),(40632,'Ninja'),(40633,'Tim Kelleher'),(40634,'Blu Mankuma'),(40635,'Amber Heard'),(40636,'Bruce Greenwood'),(40637,'Ryan Ketzner'),(40638,'Sean Kanan'),(40639,'Dimitri Diatchenko'),(40640,'Kelsey Asbille'),(40641,'Meg Ryan'),(40642,'Grant Heslov'),(40643,'Taylor Negron'),(40644,'Veronica Webb'),(40645,'Brandy Norwood'),(40646,'Desiree Densiti'),(40647,'Sami Gayle'),(40648,'Miyavi'),(40649,'Chris Messina'),(40650,'Alan Ruck'),(40651,'Hayden Szeto'),(40652,'Adnan Haskovic'),(40653,'Michael O''Neill'),(40654,'Amy Maghera'),(40655,'Vlad Ivanov'),(40656,'Charles Grodin'),(40657,'Gralen Bryant Banks'),(40658,'DMX'),(40659,'Matt O''Leary'),(40660,'Simone Bailly'),(40661,'Britt Robertson'),(40662,'Joey Miyashima'),(40663,'Steve Nicolson'),(40664,'James Blicq'),(40665,'Adan Canto'),(40666,'Terry O''Quinn'),(40667,'Devan Key'),(40668,'Verda Bridges'),(40669,'Vanetta Smith'),(40670,'Steve Eastin'),(40671,'Lucia Rijker'),(40672,'Craig Mack'),(40673,'Angela Means'),(40674,'Eden Grace Redfield'),(40675,'Derrick Baskin'),(40676,'Robert Carradine'),(40677,'Nicholas Guest'),(40678,'Yvette Monreal'),(40679,'Tahmoh Penikett'),(40680,'Paul Hogan'),(40681,'Jon Tenney'),(40682,'David Bowie'),(40683,'Helen Martin'),(40684,'Fred Melamed'),(40685,'Tungia Baker'),(40686,'Holt McCallany'),(40687,'Sarah Silverman'),(40688,'Kerry Walker'),(40689,'John Ortiz'),(40690,'Clifton Powell'),(40691,'Mandy Grace'),(40692,'Sam Neill'),(40693,'Diedrich Bader'),(40694,'Deon Richmond'),(40695,'Lubna Azabal'),(40696,'Uriel Emil'),(40697,'Robert Tsai'),(40698,'Shia LaBeouf'),(40699,'Cody McMains'),(40700,'Dwayne Johnson'),(40701,'Kirsten Dunst'),(40702,'Colin Farrell'),(40703,'Da''Vone McDonald'),(40704,'Wendy Phillips'),(40705,'Taylor Lautner'),(40706,'Dylan Walsh'),(40707,'Ken Camroux-Taylor'),(40708,'Elizabeth Olsen'),(40709,'Mark Sivertsen'),(40710,'Collin Wilcox Paxton'),(40711,'Jason Patric'),(40712,'Kamron'),(40713,'Lola Flanery'),(40714,'Lea Thompson'),(40715,'Milena Vukotic'),(40716,'William Shatner'),(40717,'Sophia Myles'),(40718,'Tisha Campbell'),(40719,'Alex Roe'),(40720,'Gary Cole'),(40721,'Sam Reid'),(40722,'Wendy Gazelle'),(40723,'Kevin Dillon'),(40724,'David Hyde Pierce'),(40725,'Dakota Goyo'),(40726,'Elton Walker'),(40727,'Chris O''Dowd'),(40728,'Nobu McCarthy'),(40729,'Ko A-sung'),(40730,'Chiara Zanni'),(40731,'Steve Buscemi'),(40732,'Ty O''Neal'),(40733,'Chris Evans'),(40734,'Barry Pepper'),(40735,'Melody Hurd'),(40736,'Joe Stevens'),(40737,'Trevor Goddard'),(40738,'Saffron Burrows'),(40739,'Sharisse Baker-Bernard'),(40740,'Khandi Alexander'),(40741,'John Bennett Perry'),(40742,'June Carryl'),(40743,'Sarah Hyland'),(40744,'Al Roker'),(40745,'Nancy Fish'),(40746,'Teo Briones'),(40747,'Adario Strange'),(40748,'Walter Matthau'),(40749,'Lois Chiles'),(40750,'Anthony Edwards'),(40751,'Emily Baldoni'),(40752,'Andrew Sachs'),(40753,'Christophe Lambert'),(40754,'Lance Guest'),(40755,'Alice Eve'),(40756,'Scott Glenn'),(40757,'Teodora Duhovnikova'),(40758,'Laura Dern'),(40759,'Amy Handley'),(40760,'Giordano Formenti'),(40761,'Tom Hollander'),(40762,'Mike Vogel'),(40763,'Carlo Rota'),(40764,'Matthew McConaughey'),(40765,'Tsahi Halevi'),(40766,'John Marsden'),(40767,'Jeff Bridges'),(40768,'Joziah Lagonoy'),(40769,'Annie Thurman'),(40770,'Kevin Corrigan'),(40771,'Charlotte Lewis'),(40772,'Alfre Woodard'),(40773,'Dylan McDermott'),(40774,'Thomas Brodie-Sangster'),(40775,'Cameron Esposito'),(40776,'Liesel Matthews'),(40777,'Jun Kunimura'),(40778,'Bryan Cranston'),(40779,'Mia Kirshner'),(40780,'Kevin Kilner'),(40781,'Michael Colyar'),(40782,'Jack Whitehall'),(40783,'Abigail Spencer'),(40784,'Leon'),(40785,'Jessica Brooks Grant'),(40786,'Andrea Avery'),(40787,'Aitana Sánchez-Gijón'),(40788,'Joel McHale'),(40789,'Harrison Ford'),(40790,'Aasif Mandvi'),(40791,'Martin Sheen'),(40792,'Joyce Van Patten'),(40793,'Lee Pace'),(40794,'Matt LeBlanc'),(40795,'Carin Sprague'),(40796,'Lin-Manuel Miranda'),(40797,'Anthony Mackie'),(40798,'Will McCormack'),(40799,'Eva De Dominici'),(40800,'James Jordan'),(40801,'Christopher Dempsey'),(40802,'Dan Bilzerian'),(40803,'J.L. Reate'),(40804,'Neil Patrick Harris'),(40805,'Marisa Tomei'),(40806,'Henry Thomas'),(40807,'Cole Hauser'),(40808,'John Hurt'),(40809,'Michael Byrne'),(40810,'Deance Wyatt'),(40811,'Julia Stiles'),(40812,'Jeffrey Dean Morgan'),(40813,'Jaime Pressly'),(40814,'Chelan Simmons'),(40815,'Glenn Fleshler'),(40816,'Chris Penn'),(40817,'Leonard Nimoy'),(40818,'Heather Johansen'),(40819,'J.K. Simmons'),(40820,'Philip Rham'),(40821,'Cindy Pickett'),(40822,'Gabriel Chavarria'),(40823,'Katie Keene'),(40824,'DJ Scratch'),(40825,'Elysia Markou'),(40826,'Alan Hopgood'),(40827,'Amy Adams'),(40828,'Vanessa Redgrave'),(40829,'Alexander Calvert'),(40830,'Brahim Achabbakhe'),(40831,'Chris Pine'),(40832,'Mark Strong'),(40833,'Rachelle Lefevre'),(40834,'Marisol Nichols'),(40835,'Brian Keith Gamble'),(40836,'Mos Def'),(40837,'Tom Hughes'),(40838,'Kenan Thompson'),(40839,'Anthony Asbury'),(40840,'Emily Morris'),(40841,'Dan Stevens'),(40842,'Jennifer Jason Leigh'),(40843,'Charles Napier'),(40844,'Mary Elizabeth Winstead'),(40845,'L.J. Benet'),(40846,'Rod Steiger'),(40847,'Anurag Arora'),(40848,'Barbara Babcock'),(40849,'Charlie Tahan'),(40850,'Cary-Hiroyuki Tagawa'),(40851,'Chadwick Boseman'),(40852,'Thomas Kretschmann'),(40853,'Ali Larter'),(40854,'Jake Brennan'),(40855,'Nick Searcy'),(40856,'Johnny Selema'),(40857,'KRS-One'),(40858,'Dave Goelz'),(40859,'Jeremy Renner'),(40860,'Brendan Gleeson'),(40861,'Whitmer Thomas'),(40862,'Jennifer Lawrence'),(40863,'Anton Yelchin'),(40864,'Kristen Miller'),(40865,'Randall Duk Kim'),(40866,'James Hayden'),(40867,'Ashley Monique Clark'),(40868,'Nick Cannon'),(40869,'Jodelle Ferland'),(40870,'Elizabeth Hurley'),(40871,'Damon Wayans'),(40872,'Kate Beckinsale'),(40873,'Brooke Clagett'),(40874,'Judith Barsi'),(40875,'Bill Murray'),(40876,'Jason Hood'),(40877,'Robinne Lee'),(40878,'Steven Mackintosh'),(40879,'Escalante Lundy'),(40880,'David Aston'),(40881,'Angela Bassett'),(40882,'Snoop Dogg'),(40883,'William Knight'),(40884,'Matthew Perry'),(40885,'Cuba Gooding Jr.'),(40886,'Mark Webber'),(40887,'Sarah Wright'),(40888,'Dana Horrox'),(40889,'Sylvia Syms'),(40890,'Djimon Hounsou'),(40891,'Essence Atkins'),(40892,'Stanley Tucci'),(40893,'Gregory Alan Williams'),(40894,'Scoot McNairy'),(40895,'Brynn Clagett'),(40896,'Tom Jones'),(40897,'Tobey Maguire'),(40898,'Perrey Reeves'),(40899,'Aidan Quinn'),(40900,'Christina Milian'),(40901,'Ray Liotta'),(40902,'Mario'),(40903,'Lela Rochon'),(40904,'Ron Howard'),(40905,'Cillian Murphy'),(40906,'Emily Alyn Lind'),(40907,'Filippo Timi'),(40908,'Gouchy Boy'),(40909,'George Clooney'),(40910,'Dr. Dre'),(40911,'Bonnie Hunt'),(40912,'Angeline Ball'),(40913,'Method Man'),(40914,'Nicole Ari Parker'),(40915,'Parminder Nagra'),(40916,'Mark Adair-Rios'),(40917,'Bruce McGill'),(40918,'Clint Eastwood'),(40919,'Sheridan Smith'),(40920,'Marcia DeBonis'),(40921,'Veronica Afflerbach'),(40922,'Gong Li'),(40923,'Zena Grey'),(40924,'Carlos Gómez'),(40925,'Kate Winslet'),(40926,'Alan Cumming'),(40927,'Gina Hecht'),(40928,'Georgia Engel'),(40929,'Moisés Arias'),(40930,'John Cleese'),(40931,'Kevin Brophy'),(40932,'Glenn Close'),(40933,'Daryl Hannah'),(40934,'Jasika Nicole'),(40935,'Ray McKinnon'),(40936,'Ruby Dee'),(40937,'Geoff Stults'),(40938,'John Witherspoon'),(40939,'Emma Roberts'),(40940,'Dev Patel'),(40941,'Raekwon'),(40942,'Louis C.K.'),(40943,'Scott Adkins'),(40944,'Bridgette Wilson-Sampras'),(40945,'James Franco'),(40946,'Lisa Maurer'),(40947,'Michael Raymond-James'),(40948,'Chevy Chase'),(40949,'Jennifer Garner'),(40950,'Heather Litteer'),(40951,'George MacKay'),(40952,'Denzel Washington'),(40953,'Joe Don Baker'),(40954,'Phil Davis'),(40955,'Mia X'),(40956,'John Hawkes'),(40957,'Sterling K. Brown'),(40958,'Luke Bracey'),(40959,'Marcus Thomas'),(40960,'Costas Mandylor'),(40961,'Amiah Miller'),(40962,'Paul Chahidi'),(40963,'Tilda Swinton'),(40964,'Jon Bernthal'),(40965,'Thekla Reuten'),(40966,'Tara Reid'),(40967,'B-Fine'),(40968,'Will Forte'),(40969,'Jay Baruchel'),(40970,'Blake Jenner'),(40971,'Tommy ''Tiny'' Lister'),(40972,'Felicity Jones'),(40973,'Yo-Landi Visser'),(40974,'Kate McGregor-Stewart'),(40975,'Eddie Izzard'),(40976,'Alex Jennings'),(40977,'Gregory Smith'),(40978,'Kristy Swanson'),(40979,'Jessica St. Clair'),(40980,'Gabriel Byrne'),(40981,'Little Richard'),(40982,'Charles Babalola'),(40983,'Edie Falco'),(40984,'Richard Edson'),(40985,'Suzanne Snyder'),(40986,'Donna Rusch'),(40987,'Miranda Cosgrove'),(40988,'Chelsea Field'),(40989,'Martin Short'),(40990,'Tom Berenger'),(40991,'Omar Epps'),(40992,'Idris Elba'),(40993,'Andrew Daly'),(40994,'Anthony Carrigan'),(40995,'Aida Turturro'),(40996,'David Oyelowo'),(40997,'Joshua Mikel'),(40998,'Freddie Benedict'),(40999,'Jean-Claude Van Damme');
INSERT INTO ACTOR VALUES (41000,'Mindy Sterling'),(41001,'Rebecca De Mornay'),(41002,'Monica Bellucci'),(41003,'Björn Granath'),(41004,'Erwin Leder'),(41005,'Finola Hughes'),(41006,'Kevin Clash'),(41007,'Sasha Pieterse'),(41008,'Leslie Bibb'),(41009,'Mark Bazeley'),(41010,'Keith Carradine'),(41011,'Greg Serano'),(41012,'Maggie McCarthy'),(41013,'Karyn Parsons'),(41014,'Rick Yune'),(41015,'Randee Heller'),(41016,'Kathy Bates'),(41017,'Vadhir Derbez'),(41018,'Chris Mulkey'),(41019,'Jimmy Wong'),(41020,'Andrea Frankle'),(41021,'Ellia English'),(41022,'Chiwetel Ejiofor'),(41023,'David Vadim'),(41024,'Mark Ruffalo'),(41025,'Eric Dane'),(41026,'Eva Grados'),(41027,'Jere Burns'),(41028,'Josh Holloway'),(41029,'Queen Latifah'),(41030,'Yuji Okumoto'),(41031,'Chad Michael Murray'),(41032,'Anthony R. Jones'),(41033,'Jessica Biel'),(41034,'Rick Skene'),(41035,'Mercedes Mason'),(41036,'Carmel Johnson'),(41037,'India Colombi'),(41038,'Eric Christian Olsen'),(41039,'Theo James'),(41040,'Gemma Ward'),(41041,'Antonia Campbell-Hughes'),(41042,'Simon MacCorkindale'),(41043,'Tony Revolori'),(41044,'Jacob Blair'),(41045,'Samuel L. Jackson'),(41046,'Cicely Tyson'),(41047,'Marina Massironi'),(41048,'Max Perlich'),(41049,'Ebon Moss-Bachrach'),(41050,'Tomas Milian'),(41051,'Woody Harrelson'),(41052,'Slaine'),(41053,'Kip Weeks'),(41054,'William Christopher Ford'),(41055,'Bianca Brigitte VanDamme'),(41056,'Christoph Waltz'),(41057,'Kevin James'),(41058,'Michelle Pfeiffer'),(41059,'Larry Miller'),(41060,'Hilary Duff'),(41061,'Ryan Phillippe'),(41062,'Alastair Mackenzie'),(41063,'Bob Gunton'),(41064,'Tau Logo'),(41065,'Lynn Whitfield'),(41066,'Sarah Snook'),(41067,'James Gandolfini'),(41068,'Patricia Heaton'),(41069,'Kingston DuCoeur'),(41070,'Cynthia Ruffin'),(41071,'Sam Huntington'),(41072,'Michael York'),(41073,'Nick Damici'),(41074,'Sylvester Stallone'),(41075,'E-40'),(41076,'Danila Kozlovsky'),(41077,'Blake Lively'),(41078,'David Belle'),(41079,'LL Cool J'),(41080,'Annie Wood'),(41081,'Ruben Santiago-Hudson'),(41082,'Gavin McCulley'),(41083,'Jimmy O. Yang'),(41084,'Imelda Staunton'),(41085,'Laura Harrier'),(41086,'James Cromwell'),(41087,'Mario Cantone'),(41088,'David Koechner'),(41089,'Bill Pullman'),(41090,'Gina Carano'),(41091,'DeWanda Wise'),(41092,'Tiriel Mora'),(41093,'Orlando Brown'),(41094,'Jack Kehoe'),(41095,'Ed Lauter'),(41096,'Rooney Mara'),(41097,'Max von Sydow'),(41098,'Joe Nunez'),(41099,'Kathleen Barr'),(41100,'Anthony Anderson'),(41101,'Rob Schneider'),(41102,'Eamon Farren'),(41103,'Kaori Momoi'),(41104,'Keith Robinson'),(41105,'Michael Peña'),(41106,'Talisa Soto'),(41107,'Lonny Ross'),(41108,'Joe Pantoliano'),(41109,'Gabriel Mann'),(41110,'Rene Russo'),(41111,'Pras'),(41112,'Paul Guilfoyle'),(41113,'Bill Nighy'),(41114,'Stanley DeSantis'),(41115,'Joanna Cassidy'),(41116,'Joe Pesci'),(41117,'David de Vos'),(41118,'Yaphet Kotto'),(41119,'Bernie Mac'),(41120,'Alex Meraz'),(41121,'Sarah Rose Karr'),(41122,'Senen Reyes'),(41123,'Evan Peters'),(41124,'Samm Levine'),(41125,'Joe Flanigan'),(41126,'Tom Green'),(41127,'Robert Gossett'),(41128,'Frantz Turner'),(41129,'Rob Riggle'),(41130,'Carrie Fleming'),(41131,'William Zabka'),(41132,'Simon Pegg'),(41133,'Werner Herzog'),(41134,'James Brolin'),(41135,'Mike Epps'),(41136,'Alex Kingston'),(41137,'Cliff Curtis'),(41138,'Lawrence Gilliard Jr.'),(41139,'James Earl Jones'),(41140,'D.J. Cotrona'),(41141,'Jay O. Sanders'),(41142,'Jackie Chan'),(41143,'Billy Connolly'),(41144,'Ossie Davis'),(41145,'Lavell Crawford'),(41146,'William H. Macy'),(41147,'Jason Robards'),(41148,'Bill Burr'),(41149,'Ron Thomas'),(41150,'Hector Elizondo'),(41151,'Chris Coy'),(41152,'Frankie Faison'),(41153,'John Mahoney'),(41154,'Hank Azaria'),(41155,'Mark Lewis Jones'),(41156,'Randall Park'),(41157,'Maurice Carpede'),(41158,'Dan Bakkedahl'),(41159,'Master P'),(41160,'Isaiah Washington'),(41161,'Glenn Howerton'),(41162,'Chyler Leigh'),(41163,'Kevin Kline'),(41164,'Charlie Bewley'),(41165,'Naomie Harris'),(41166,'Ashton Kutcher'),(41167,'Kimberly Quinn'),(41168,'Ken Tremblett'),(41169,'Myndy Crist'),(41170,'Bill Bellamy'),(41171,'Daran Norris'),(41172,'Sean "P. Diddy" Combs'),(41173,'Ariana Guido'),(41174,'David Edwards'),(41175,'Gary Oldman'),(41176,'Forest Whitaker'),(41177,'Debbie Harry'),(41178,'Michael Sheen'),(41179,'Kelly Slater'),(41180,'Alison Pill'),(41181,'Michelle Yeoh'),(41182,'Andy Richter'),(41183,'Missi Pyle'),(41184,'Keesha Sharp'),(41185,'Dave Sheridan'),(41186,'Vincent Tong'),(41187,'Bella Thorne'),(41188,'Amy Madigan'),(41189,'Ariane Labed'),(41190,'Julia Roberts'),(41191,'Delia Sheppard'),(41192,'Graham Greene'),(41193,'Laura Brent'),(41194,'Rachel Saanchita Gupta'),(41195,'Richard Jenkins'),(41196,'John Ashton'),(41197,'Lee Wilkof'),(41198,'Martin Sensmeier'),(41199,'Keith Cooke'),(41200,'Benjamin Bratt'),(41201,'Oliver Hudson'),(41202,'Ken Watanabe'),(41203,'Rob Machado'),(41204,'Jason Sudeikis'),(41205,'Paul P. Card IV'),(41206,'Dan Byrd'),(41207,'Jean Smart'),(41208,'John Goodman'),(41209,'Paige Hurd'),(41210,'Judyann Elder'),(41211,'Pierce Brosnan'),(41212,'Tom Courtenay'),(41213,'Jon Heder'),(41214,'Carmen Electra'),(41215,'Amy Smart'),(41216,'Nicholle Tom'),(41217,'Walton Goggins'),(41218,'Christian Bale'),(41219,'Simon Helberg'),(41220,'Maria Bello'),(41221,'Paul Walker'),(41222,'Tadanobu Asano'),(41223,'Katee Sackhoff'),(41224,'Doug Hutchison'),(41225,'Liam Cunningham'),(41226,'RZA'),(41227,'Morgan Freeman'),(41228,'Jon Lovitz'),(41229,'Glenn Kohan'),(41230,'Ted Grossman'),(41231,'Felice Orlandi'),(41232,'Kelly Preston'),(41233,'Jason Momoa'),(41234,'Kip Pardue'),(41235,'Finn Scicluna-O''Prey'),(41236,'Diane Keaton'),(41237,'Kurtis Blow'),(41238,'Kerry Washington'),(41239,'Gabriel Iglesias'),(41240,'Brad James'),(41241,'Michael Rapaport'),(41242,'Tereza Srbová'),(41243,'Sabine Karsenti'),(41244,'Qu Jingjing'),(41245,'John Gatins'),(41246,'Sam Rockwell'),(41247,'Craig Stevenson'),(41248,'Spencer Garrett'),(41249,'Bertrand-Xavier Corbi'),(41250,'Rufus Sewell'),(41251,'Nathan Lane'),(41252,'Noble Willingham'),(41253,'Raza Jaffrey'),(41254,'Chad Smith'),(41255,'Rade Serbedzija'),(41256,'Josh Lucas'),(41257,'Joan Cusack'),(41258,'Paul Winfield'),(41259,'Suleka Mathew'),(41260,'Paul Benjamin'),(41261,'Richard Marner'),(41262,'Michael J. Fox'),(41263,'David Steen'),(41264,'Liam Hemsworth'),(41265,'Chelsea Magritte'),(41266,'Esodie Geiger'),(41267,'Jonathan Lipnicki'),(41268,'Kari Matchett'),(41269,'Leo McKern'),(41270,'Regina King'),(41271,'Elizabeth Reaser'),(41272,'Joaquim de Almeida'),(41273,'Mason Gamble'),(41274,'Richard Schiff'),(41275,'Isabella Mancuso'),(41276,'Shari Weiser'),(41277,'Jason Finn'),(41278,'Ed Begley Jr.'),(41279,'Diana Bang'),(41280,'David Ames'),(41281,'Barry Tubb'),(41282,'Kate Hudson'),(41283,'Nina Pearce'),(41284,'Melissa McCarthy'),(41285,'Mike Myers'),(41286,'Josh Paddock'),(41287,'Louis Dempsey'),(41288,'John Schneider'),(41289,'Dean Jones'),(41290,'Patricia Wilson'),(41291,'Kelly Lynch'),(41292,'Elimu Nelson'),(41293,'Wilma Bonet'),(41294,'Stephen Lang'),(41295,'Melissa Schuman'),(41296,'William Sanderson'),(41297,'John Putch'),(41298,'Jude Law'),(41299,'Mía Maestro'),(41300,'Heath Freeman'),(41301,'Lyman Ward'),(41302,'Da Brat'),(41303,'Donny Lucas'),(41304,'Trevor Devall'),(41305,'Talia Balsam'),(41306,'Benjamin Walker'),(41307,'Timothy Simons'),(41308,'Tawfeek Barhom'),(41309,'Alex Carroll'),(41310,'Margo Martindale'),(41311,'Valentin Ganev'),(41312,'Gina DeCesare'),(41313,'Maggie Smith'),(41314,'Kyle Bornheimer'),(41315,'Alan Bates'),(41316,'Michael Blalock'),(41317,'Lake Bell'),(41318,'Peter Friedman'),(41319,'Katherine Heigl'),(41320,'Sheryl Lee'),(41321,'Geoffrey Rush'),(41322,'Mitchell Anderson'),(41323,'Frank Grillo'),(41324,'Molly Parker'),(41325,'Radha Mitchell'),(41326,'Rob Hayter'),(41327,'Peter Macdissi'),(41328,'Roger Allam'),(41329,'Rob Lowe'),(41330,'Fred Stoller'),(41331,'Adam Greydon Reid'),(41332,'Anna Kendrick'),(41333,'Teri Polo'),(41334,'Cameron Diaz'),(41335,'Nikki Amuka-Bird'),(41336,'Deborah Van Valkenburgh'),(41337,'Amy Stryker'),(41338,'Janine Turner'),(41339,'Johan Leysen'),(41340,'Seth Rogen'),(41341,'Nate Parker'),(41342,'Zooey Deschanel'),(41343,'Rory Markham'),(41344,'Leonardo DiCaprio'),(41345,'Shannon Chan-Kent'),(41346,'Shaun Austin-Olsen'),(41347,'Karen Prell'),(41348,'Jonathan Banks'),(41349,'Lazar Ristovski'),(41350,'Michael Angarano'),(41351,'Matt McCoy'),(41352,'Gillian Jacobs'),(41353,'Mary Pat Gleason'),(41354,'Ronny Cox'),(41355,'Gabrielle Union'),(41356,'Lorraine Gary'),(41357,'Ciarán Hinds'),(41358,'Jacqueline McKenzie'),(41359,'Hugh Laurie'),(41360,'Karl Yune'),(41361,'Caroline Goodall'),(41362,'Helen Mirren'),(41363,'Catalina Denis'),(41364,'Robbie Gee'),(41365,'Valerie Mahaffey'),(41366,'Nora Arnezeder'),(41367,'Loretta Devine'),(41368,'Tom Hanks'),(41369,'The Notorious B.I.G.'),(41370,'Jada Pinkett Smith'),(41371,'Marian Quinn'),(41372,'Eileen Atkins'),(41373,'Bradley Cooper'),(41374,'Sarah Habel'),(41375,'Richard Keats'),(41376,'Scott Caan'),(41377,'Jesse Eisenberg'),(41378,'Sacha Baron Cohen'),(41379,'Brían F. O''Byrne'),(41380,'Rex Linn'),(41381,'Jonathan Avildsen'),(41382,'Marion Cotillard'),(41383,'Will Arnett'),(41384,'Chris Ellis'),(41385,'Brian Henson'),(41386,'Sarah Jane Morris'),(41387,'Samuel Roukin'),(41388,'Xia Yu'),(41389,'Rob Garrison'),(41390,'Annette Bening'),(41391,'Lidia Biondi'),(41392,'Geraldine Hughes'),(41393,'Dan Blasko'),(41394,'John Lithgow'),(41395,'Ron Rifkin'),(41396,'Jane Lynch'),(41397,'Richard Sammel'),(41398,'Taraji P. Henson'),(41399,'Dennis Farina'),(41400,'Alex Fisher'),(41401,'Gano Grills'),(41402,'Sigourney Weaver'),(41403,'Wyclef Jean'),(41404,'Paul Reubens'),(41405,'Peter Michael Goetz'),(41406,'Anna-Louise Plowman'),(41407,'Mara Holguin'),(41408,'Ethan Suplee'),(41409,'Bess Armstrong'),(41410,'Jim Ward'),(41411,'Mako Iwamatsu'),(41412,'Paul Bettany'),(41413,'Anna Chlumsky'),(41414,'Seth Green'),(41415,'Callan McAuliffe'),(41416,'Rich Hutchman'),(41417,'Laura Cayouette'),(41418,'Will Patton'),(41419,'Jamie Thomas King'),(41420,'William Hickey'),(41421,'Jake Weber'),(41422,'Charlotte Beaumont'),(41423,'Shaquille O''Neal'),(41424,'Tantoo Cardinal'),(41425,'Michelle Harrison'),(41426,'Ashley Rickards'),(41427,'Geena Davis'),(41428,'Amanda Seyfried'),(41429,'Michael MacRae'),(41430,'Jack Black'),(41431,'Mike Tyson'),(41432,'Natasha Wanganeen'),(41433,'Jaeden Martell'),(41434,'Crystal Lowe'),(41435,'Brooke Shields'),(41436,'Cory Cassidy'),(41437,'Koji Yakusho'),(41438,'Helen McCrory'),(41439,'Robert De Niro'),(41440,'Elva Josephson'),(41441,'Michael MacKenzie'),(41442,'Danny DeVito'),(41443,'Alessio Boni'),(41444,'Yaani King Mondschein'),(41445,'Matt Stone'),(41446,'Jill Clayburgh'),(41447,'Annabella Sciorra'),(41448,'Elizabeth McGovern'),(41449,'Christine Ebersole'),(41450,'Charlotte Sullivan'),(41451,'Martin Lawrence'),(41452,'Erica Hubbard'),(41453,'Babou Ceesay'),(41454,'Eamonn Walker'),(41455,'Lizzy Caplan'),(41456,'Julia Jones'),(41457,'Stephen Rea'),(41458,'Caterina Scorsone'),(41459,'Fred Tatasciore'),(41460,'Sharrieff Pugh'),(41461,'Shakti Chen'),(41462,'Emma Howard'),(41463,'Craig Robinson'),(41464,'Aunjanue Ellis'),(41465,'Patrick Dempsey'),(41466,'Robert Stanton'),(41467,'Taylor Swift'),(41468,'Natalie Portman'),(41469,'David Cross'),(41470,'Adewale Akinnuoye-Agbaje'),(41471,'Lynn Shelton'),(41472,'Paul Dillon'),(41473,'Sharlto Copley'),(41474,'Rhea Perlman'),(41475,'Michael Douglas'),(41476,'William Daniels'),(41477,'Shane Brolly'),(41478,'Diane Lane'),(41479,'Anne Heche'),(41480,'Malick Bowens'),(41481,'Dominic Sherwood'),(41482,'Kevin Bacon'),(41483,'Eddie Jones'),(41484,'James Remar'),(41485,'Anna Faris'),(41486,'Melissa Sturm'),(41487,'Colin Firth'),(41488,'Jake Johnson'),(41489,'Lukas Haas'),(41490,'Lil Rel Howery'),(41491,'Skyler Stone'),(41492,'Charles Dance'),(41493,'Sung Kang'),(41494,'Ketty Lester'),(41495,'Freddie Gaminara'),(41496,'Willem Dafoe'),(41497,'Jin Xing'),(41498,'Demián Bichir'),(41499,'Austin O''Brien');
INSERT INTO ACTOR VALUES (41500,'Ed Harris'),(41501,'John Leguizamo'),(41502,'Tyler Oakley'),(41503,'Michael Ironside'),(41504,'Danny Aiello'),(41505,'Michiel Huisman'),(41506,'Raymond J. Barry'),(41507,'David Spade'),(41508,'Kyra Sedgwick'),(41509,'Christopher Guest'),(41510,'Matthew Romero'),(41511,'Freddy Rodríguez'),(41512,'Gabriel Macht'),(41513,'Ken Howard'),(41514,'Armin Shimerman'),(41515,'Cody Cameron'),(41516,'Kelly Hu'),(41517,'James Woods'),(41518,'Pamela Reed'),(41519,'Halle Berry'),(41520,'Jon Bass'),(41521,'Drag-On'),(41522,'William Townsend'),(41523,'Erick Sermon'),(41524,'Angus Sampson'),(41525,'Gerry Skilton'),(41526,'Artie Lange'),(41527,'Adam Tuominen'),(41528,'Jack Nicholson'),(41529,'Ato Essandoh'),(41530,'Stuart Greer'),(41531,'Julie Gonzalo'),(41532,'Christopher Atkins'),(41533,'Abbie Cornish'),(41534,'Bowlegged Lou'),(41535,'John Sharian'),(41536,'Andreas Apergis'),(41537,'Ross Bickell'),(41538,'Mark Wahlberg'),(41539,'Anna Foglietta'),(41540,'Lee Ving'),(41541,'C.J. Perry'),(41542,'Mo''Nique'),(41543,'Alexander Lloyd'),(41544,'Angelica Page'),(41545,'Oliver Platt'),(41546,'Brad Silverman'),(41547,'Fernanda Andrade'),(41548,'Nate Torrence'),(41549,'Thomas Ian Griffith'),(41550,'Jane Krakowski'),(41551,'Ludacris'),(41552,'Nicole Kidman'),(41553,'Amber Midthunder'),(41554,'Salma Hayek'),(41555,'Kimberly Hébert Gregory'),(41556,'Melissa Benoist'),(41557,'Adelaide Kane'),(41558,'Brian Howe'),(41559,'Bruce Spence'),(41560,'Danny McBride'),(41561,'Tonya Pinkins'),(41562,'Tom Hardy'),(41563,'Matt Craven'),(41564,'Christopher Lloyd'),(41565,'Joe Grifasi'),(41566,'Ryan Corr'),(41567,'Maddie Ziegler'),(41568,'Ralph Macchio'),(41569,'Leighton Cardno'),(41570,'Giovanni Ribisi'),(41571,'James Rebhorn'),(41572,'Amy Brenneman'),(41573,'Billy Burke'),(41574,'Rutger Hauer'),(41575,'Liz Morris'),(41576,'Dan Fogler'),(41577,'Steele Stebbins'),(41578,'Trevor Long'),(41579,'Ron Canada'),(41580,'Gretchen Palmer'),(41581,'Jane Hallaren'),(41582,'Manuel Garcia-Rulfo'),(41583,'Robert Long'),(41584,'Claudie Blakley'),(41585,'Ben York Jones'),(41586,'Brandon Thomas Lee'),(41587,'Lucy Liu'),(41588,'Bobby Lee'),(41589,'Elisabeth Shue'),(41590,'Juan de Marcos'),(41591,'Roger Guenveur Smith'),(41592,'Lucy Fry'),(41593,'Dane Cook'),(41594,'Albert Hall'),(41595,'Joel Kinnaman'),(41596,'Nicholas Coombe'),(41597,'Bobb''e J. Thompson'),(41598,'Whip Hubley'),(41599,'Bob Stephenson'),(41600,'Rick Moranis'),(41601,'Chris Tucker'),(41602,'Colm Feore'),(41603,'Brittany Perrineau'),(41604,'Rick Rossovich'),(41605,'Carl Gottlieb'),(41606,'Joseph Mascolo'),(41607,'Robert LaSardo'),(41608,'Joe Turkel'),(41609,'Suzzanne Douglas'),(41610,'Mykel Shannon Jenkins'),(41611,'Hailee Steinfeld'),(41612,'Nina Sosanya'),(41613,'David Kaye'),(41614,'Del Close'),(41615,'Luisa Ranieri'),(41616,'Danielle Harris'),(41617,'Peter Outerbridge'),(41618,'Matthew Page'),(41619,'Gary Stevens'),(41620,'Swati Das'),(41621,'Andy Beckwith'),(41622,'Cress Williams'),(41623,'Theo Rossi'),(41624,'Becca Gardner'),(41625,'Drew Barrymore'),(41626,'Frances Fisher'),(41627,'John C. Reilly'),(41628,'Keith Murray'),(41629,'Ron Eldard'),(41630,'Rain'),(41631,'Philip Seymour Hoffman'),(41632,'Linden Ashby'),(41633,'Tupac Shakur'),(41634,'Dean Norris'),(41635,'Violante Placido'),(41636,'Q-Tip'),(41637,'Tom Sizemore'),(41638,'Larnell Stovall'),(41639,'Alphonso Mcauley'),(41640,'Elliot Page'),(41641,'Jae Suh Park'),(41642,'Vlado Mihailov'),(41643,'Edie McClurg'),(41644,'Rubén Blades'),(41645,'Michael Moshonov'),(41646,'Evan Handler'),(41647,'Christopher Reid'),(41648,'Sarah May Sommers'),(41649,'Nichole Robinson'),(41650,'Luke Wilson'),(41651,'Petio Petkov'),(41652,'Kristin Herrera'),(41653,'Jessica Alba'),(41654,'Robin Harris'),(41655,'Terry Chen'),(41656,'Spalding Gray'),(41657,'Eva Mendes'),(41658,'Jamie Foxx'),(41659,'Schuyler Fisk'),(41660,'Jordin Sparks'),(41661,'Michael Madsen'),(41662,'Greg Kinnear'),(41663,'Lindsay Sloane'),(41664,'Richard Tyson'),(41665,'Mason Davis'),(41666,'Columbus Short'),(41667,'T.J. Miller'),(41668,'Tyler Coppin'),(41669,'Martin Trudel'),(41670,'Shay Mitchell'),(41671,'Jeremy Irvine'),(41672,'Randy Quaid'),(41673,'Candice Bergen'),(41674,'Alison Lohman'),(41675,'Maurice LaMarche'),(41676,'B-Real'),(41677,'Sean Young'),(41678,'Cynthia Evans'),(41679,'Michael Jace'),(41680,'Constance Wu'),(41681,'Alexis Cruz'),(41682,'Armin Mueller-Stahl'),(41683,'Doug Allen'),(41684,'Quinn Shephard'),(41685,'Iggy Pop'),(41686,'Laura Linney'),(41687,'Anne Betancourt'),(41688,'Chris Elliott'),(41689,'Dianne Wiest'),(41690,'George Lopez'),(41691,'Mario Van Peebles'),(41692,'Gil Birmingham'),(41693,'Blair Brown'),(41694,'Dominic Mafham'),(41695,'Miku Martineau'),(41696,'Kurt Russell'),(41697,'Melinda Dillon'),(41698,'Song Kang-ho'),(41699,'Wendy Crewson'),(41700,'Leon Rippy'),(41701,'Jacob Elordi'),(41702,'Tom Arnold'),(41703,'Christopher Castile'),(41704,'Steve Harvey'),(41705,'Rudolf Martin'),(41706,'Bill Paxton'),(41707,'Don Johnson'),(41708,'Joe Estevez'),(41709,'Lena Olin'),(41710,'Winona Ryder'),(41711,'P.H. Moriarty'),(41712,'Miguel Sandoval'),(41713,'Steven Martini'),(41714,'Jennifer Connelly'),(41715,'Gael García Bernal'),(41716,'Sergio Montalvo'),(41717,'Lucas Till'),(41718,'L.V.'),(41719,'John Ales'),(41720,'Peter Facinelli'),(41721,'John Hensley'),(41722,'Faye Marsay'),(41723,'Ralph Waite'),(41724,'Todd Duffee'),(41725,'Devon Terrell'),(41726,'Vanness Wu'),(41727,'Wladimir Tarasjanz'),(41728,'Nicholas Logan'),(41729,'Grandmaster Caz'),(41730,'Courtney B. Vance'),(41731,'Jamal Mixon');


CREATE TABLE MOVIE (
  movie_id        int             NOT NULL,
  movie_title     varchar(100)    NOT NULL,
  movie_country   varchar(100)    NOT NULL,
  movie_year      varchar(100)    NOT NULL,
  movie_duration  int             NOT NULL,
  PRIMARY KEY   (movie_id)
);
--drop table MOVIE;

INSERT INTO MOVIE VALUES (50000,'The Starling','United States',2021,104),(50001,'Grown Ups','United States',2010,103),(50002,'Dark Skies','United States',2013,97),(50003,'Paranoia','United States',2013,106),(50004,'Birth of the Dragon','China',2017,96),(50005,'Jaws','United States',1975,124),(50006,'Jaws 2','United States',1978,116),(50007,'Jaws 3','United States',1983,98),(50008,'Jaws: The Revenge','United States',1987,91),(50009,'Safe House','South Africa',2012,115),(50010,'Training Day','United States',2001,122),(50011,'Kate','United States',2021,106),(50012,'Show Dogs','United Kingdom',2018,90),(50013,'A Champion Heart','United States',2018,90),(50014,'Bright Star','United Kingdom',2009,119),(50015,'In the Cut','United Kingdom',2003,118),(50016,'A Cinderella Story','United States',2004,95),(50017,'An Unfinished Life','Germany',2005,108),(50018,'Blade Runner: The Final Cut','United States',1982,117),(50019,'Chappie','South Africa',2015,121),(50020,'Clear and Present Danger','United States',1994,142),(50021,'Cliffhanger','United States',1993,113),(50022,'Cold Mountain','United States',2003,154),(50023,'Crocodile Dundee in Los Angeles','Australia',2001,95),(50024,'Dear John','United States',2010,108),(50025,'Do the Right Thing','United States',1989,120),(50026,'Extraction','United States',2015,82),(50027,'Freedom Writers','Germany',2007,124),(50028,'Green Lantern','United States',2011,114),(50029,'House Party','United States',1990,104),(50030,'House Party 2','United States',1991,94),(50031,'House Party 3','United States',1994,94),(50032,'I Got the Hook Up','United States',1998,93),(50033,'In Too Deep','United States',1999,97),(50034,'Labyrinth','United Kingdom',1986,101),(50035,'Letters to Juliet','United States',2010,105),(50036,'Love Don''t Cost a Thing','United States',2003,101),(50037,'Mars Attacks!','United States',1996,106),(50038,'Marshall','United States',2017,118),(50039,'My Boss''s Daughter','United States',2003,86),(50040,'Mystery Men','United States',1999,121),(50041,'Once Upon a Time in America','Italy',1984,229),(50042,'Open Season 2','United States',2008,76),(50043,'Osmosis Jones','United States',2001,95),(50044,'Poseidon','United States',2006,98),(50045,'Rhyme & Reason','United States',1997,89),(50046,'Same Kind of Different as Me','United States',2017,120),(50047,'School of Rock','United States',2003,110),(50048,'Snervous Tyler Oakley','United States',2015,83),(50049,'Tears of the Sun','United States',2003,121),(50050,'The Blue Lagoon','United States',1980,105),(50051,'The Golden Child','United States',1986,94),(50052,'The Interview','United States',2014,112),(50053,'The Nutty Professor','United States',1996,95),(50054,'Welcome Home Roscoe Jenkins','United States',2008,114),(50055,'In the Line of Fire','United States',1993,129),(50056,'Wind River','United Kingdom',2017,107),(50057,'The November Man','United States',2014,108),(50058,'The Water Man','United States',2021,92),(50059,'Sweet Girl','United States',2021,110),(50060,'Like Crazy','United States',2011,91),(50061,'Walk of Shame','United States',2014,94),(50062,'The Piano','New Zealand',1993,121),(50063,'The Railway Man','Switzerland',2013,108),(50064,'Quartet','United Kingdom',2012,98),(50065,'The Paper Tigers','United States',2021,111),(50066,'Vivo','Canada',2021,100),(50067,'Heavy','United States',1995,104),(50068,'Beethoven','United States',1992,87),(50069,'Beethoven''s 2nd','United States',1993,88),(50070,'Beowulf','United States',2007,114),(50071,'Boyka: Undisputed','Bulgaria',2016,90),(50072,'Catch Me If You Can','United States',2002,142),(50073,'Cloudy with a Chance of Meatballs','United States',2009,90),(50074,'Deep Blue Sea','United States',1999,105),(50075,'Ferris Bueller''s Day Off','United States',1986,103),(50076,'Five Feet Apart','United States',2019,116),(50077,'Freedomland','United States',2006,113),(50078,'Good Luck Chuck','United States',2007,99),(50079,'Inception','United States',2010,148),(50080,'Magnolia','United States',1999,189),(50081,'Major Payne','United States',1995,97),(50082,'My Girl','United States',1991,102),(50083,'My Girl 2','United States',1994,99),(50084,'Open Season: Scared Silly','United States',2015,85),(50085,'Pineapple Express','United States',2008,112),(50086,'Planet 51','Spain',2009,91),(50087,'Poms','United Kingdom',2019,91),(50088,'Seabiscuit','United States',2003,141),(50089,'Space Cowboys','United States',2000,130),(50090,'Team America: World Police','United States',2004,98),(50091,'The Edge of Seventeen','United States',2016,105),(50092,'The Haunting in Connecticut 2: Ghosts of Georgia','United States',2013,101),(50093,'The Last Boy Scout','United States',1991,105),(50094,'The Lincoln Lawyer','United States',2011,118),(50095,'The Losers','United States',2010,97),(50096,'The Machinist','Spain',2004,102),(50097,'The Net','United States',1995,114),(50098,'The Original Kings of Comedy','United States',2000,111),(50099,'Valentine''s Day','United States',2010,125),(50100,'Django Unchained','United States',2012,165),(50101,'A Second Chance:  Rivals!','Australia',2021,91),(50102,'Cosmic Sin','United States',2021,88),(50103,'The Beguiled','United States',2017,94),(50104,'The Book of Henry','United States',2017,105),(50105,'The Twilight Saga: Breaking Dawn: Part 1','United States',2011,117),(50106,'The Twilight Saga: Breaking Dawn: Part 2','United States',2012,115),(50107,'The Twilight Saga: Eclipse','United States',2010,124),(50108,'The Twilight Saga: New Moon','United States',2009,131),(50109,'Twilight','United States',2008,122),(50110,'Surf''s Up','United States',2007,86),(50111,'American Ultra','United States',2015,96),(50112,'Ratchet and Clank','Hong Kong',2016,94),(50113,'Home Again','United States',2017,97),(50114,'Midnight Sun','United States',2018,91),(50115,'Rock the Kasbah','United States',2015,106),(50116,'Brick Mansions','France',2014,90),(50117,'Snowpiercer','South Korea',2013,126),(50118,'Winchester','Australia',2018,100),(50119,'6 Bullets','United States',2012,115),(50120,'Air Force One','United States',1997,125),(50121,'Austin Powers in Goldmember','United States',2002,94),(50122,'Austin Powers: International Man of Mystery','United States',1997,90),(50123,'Austin Powers: The Spy Who Shagged Me','United States',1999,95),(50124,'Boogie Nights','United States',1997,155),(50125,'Charlie''s Angels','United States',2000,98),(50126,'Congo','United States',1995,108),(50127,'Dennis the Menace','United States',1993,96),(50128,'Hampstead','United Kingdom',2019,103),(50129,'Kung Fu Panda','United States',2008,94),(50130,'Kung Fu Panda 2','United States',2011,93),(50131,'Life as We Know It','United States',2010,115),(50132,'Mary Magdalene','United Kingdom',2019,120),(50133,'Memoirs of a Geisha','France',2005,145),(50134,'Midnight Run','United States',1988,126),(50135,'Mortal Kombat','United States',1995,101),(50136,'Mother''s Day','United States',2016,118),(50137,'No Strings Attached','United States',2011,109),(50138,'Not Another Teen Movie','United States',2001,89),(50139,'Ophelia','United Kingdom',2018,106),(50140,'Red Joan','United Kingdom',2019,101),(50141,'Seven Pounds','United States',2008,123),(50142,'She''s Out of My League','United States',2010,106),(50143,'Snow Day','United States',2000,89),(50144,'Star Trek','United States',2009,128),(50145,'Stuart Little','Germany',1999,85),(50146,'Sword of Trust','United States',2019,89),(50147,'Talladega Nights: The Ballad of Ricky Bobby','United States',2006,108),(50148,'The American','United States',2010,105),(50149,'The Best of Enemies','United States',2019,133),(50150,'The Game','United States',1997,129),(50151,'The Karate Kid','United States',1984,127),(50152,'The Karate Kid Part II','United States',1986,113),(50153,'The Karate Kid Part III','United States',1989,112),(50154,'The Life of David Gale','United Kingdom',2003,130),(50155,'The Long Riders','United States',1980,100),(50156,'The Queen','United Kingdom',2006,103),(50157,'The Strangers','United States',2008,85),(50158,'The Sum of All Fears','United States',2002,124),(50159,'The Tourist','United States',2010,103),(50160,'Underworld','United States',2003,121),(50161,'Underworld: Awakening','United States',2012,89),(50162,'Underworld: Rise of the Lycans','United States',2009,92),(50163,'What Dreams May Come','United States',1998,114),(50164,'Why Do Fools Fall in Love','United States',1998,116),(50165,'Lying and Stealing','United States',2019,100),(50166,'Killing Them Softly','United States',2012,97),(50167,'The Ice Road','United States',2021,109),(50168,'The Seventh Day','United States',2021,87),(50169,'Fatherhood','United States',2021,111),(50170,'Silver Linings Playbook','United States',2012,122),(50171,'Lowriders','United States',2016,98),(50172,'Life of Crime','United States',2013,101),(50173,'Rogue Warfare: Death of a Nation','United States',2020,99),(50174,'Skater Girl','United States',2021,110),(50175,'Wish Dragon','China',2021,102),(50176,'A Haunted House 2','United States',2014,86),(50177,'Vampire Academy','United States',2014,104),(50178,'A Private War','United Kingdom',2018,110),(50179,'2 Hearts','United States',2020,101),(50180,'American Outlaws','United States',2001,94),(50181,'Battlefield Earth','United States',2000,118),(50182,'Bliss','Canada',1997,103),(50183,'Company of Heroes','United States',2013,101),(50184,'Cradle 2 the Grave','United States',2003,101),(50185,'Domestic Disturbance','United States',2001,89),(50186,'Felon','United States',2008,104),(50187,'Flipped','United States',2010,90),(50188,'Fools Rush In','United States',1997,109),(50189,'Hostel: Part III','United States',2011,88),(50190,'I Am Sam','United States',2001,132),(50191,'Love Jones','United States',1997,109),(50192,'Million Dollar Baby','United States',2004,133),(50193,'Never Back Down 2: The Beatdown','United States',2011,104),(50194,'Ninja Assassin','Germany',2009,99),(50195,'Population 436','Canada',2006,93),(50196,'Sniper: Legacy','United States',2014,98),(50197,'Starsky & Hutch','United States',2004,101),(50198,'Streets of Fire','United States',1984,94),(50199,'Swordfish','United States',2001,99);


CREATE TABLE MOVIE_GENRE (
  movie_genre_id    int NOT NULL,
  movie_id          int DEFAULT NULL,
  genre_id          int DEFAULT NULL,
  PRIMARY KEY       (movie_genre_id),
  CONSTRAINT        fk_mg_movie FOREIGN KEY (movie_id)  REFERENCES MOVIE  (movie_id),
  CONSTRAINT        fk_mg_genre FOREIGN KEY (genre_id)  REFERENCES GENRE  (genre_id)
);
--drop table MOVIE_GENRE;

INSERT INTO MOVIE_GENRE VALUES (60000,50000,100),(60001,50001,100),(60002,50002,101),(60003,50003,102),(60004,50004,103),(60005,50005,103),(60006,50006,104),(60007,50007,103),(60008,50008,103),(60009,50009,103),(60010,50010,104),(60011,50011,103),(60012,50012,105),(60013,50013,105),(60014,50014,104),(60015,50015,102),(60016,50016,105),(60017,50017,104),(60018,50018,103),(60019,50019,103),(60020,50020,103),(60021,50021,103),(60022,50022,104),(60023,50023,103),(60024,50024,104),(60025,50025,106),(60026,50026,103),(60027,50027,104),(60028,50028,103),(60029,50029,100),(60030,50030,100),(60031,50031,100),(60032,50032,103),(60033,50033,102),(60034,50034,103),(60035,50035,100),(60036,50036,100),(60037,50037,100),(60038,50038,104),(60039,50039,100),(60040,50040,103),(60041,50041,106),(60042,50042,105),(60043,50043,103),(60044,50044,103),(60045,50045,107),(60046,50046,104),(60047,50047,100),(60048,50048,107),(60049,50049,103),(60050,50050,104),(60051,50051,103),(60052,50052,103),(60053,50053,100),(60054,50054,100),(60055,50055,103),(60056,50056,104),(60057,50057,103),(60058,50058,105),(60059,50059,103),(60060,50060,104),(60061,50061,100),(60062,50062,106),(60063,50063,104),(60064,50064,100),(60065,50065,103),(60066,50066,105),(60067,50067,104),(60068,50068,105),(60069,50069,105),(60070,50070,103),(60071,50071,103),(60072,50072,104),(60073,50073,105),(60074,50074,103),(60075,50075,106),(60076,50076,104),(60077,50077,104),(60078,50078,100),(60079,50079,103),(60080,50080,104),(60081,50081,100),(60082,50082,104),(60083,50083,105),(60084,50084,105),(60085,50085,103),(60086,50086,105),(60087,50087,100),(60088,50088,104),(60089,50089,103),(60090,50090,103),(60091,50091,100),(60092,50092,101),(60093,50093,103),(60094,50094,104),(60095,50095,103),(60096,50096,104),(60097,50097,102),(60098,50098,108),(60099,50099,100),(60100,50100,103),(60101,50101,105),(60102,50102,103),(60103,50103,104),(60104,50104,104),(60105,50105,104),(60106,50106,104),(60107,50107,104),(60108,50108,104),(60109,50109,103),(60110,50110,105),(60111,50111,103),(60112,50112,105),(60113,50113,100),(60114,50114,104),(60115,50115,100),(60116,50116,103),(60117,50117,103),(60118,50118,101),(60119,50119,103),(60120,50120,103),(60121,50121,103),(60122,50122,100),(60123,50123,103),(60124,50124,100),(60125,50125,103),(60126,50126,103),(60127,50127,105),(60128,50128,100),(60129,50129,105),(60130,50130,105),(60131,50131,100),(60132,50132,104),(60133,50133,104),(60134,50134,103),(60135,50135,103),(60136,50136,100),(60137,50137,100),(60138,50138,100),(60139,50139,104),(60140,50140,104),(60141,50141,104),(60142,50142,100),(60143,50143,105),(60144,50144,103),(60145,50145,105),(60146,50146,100),(60147,50147,103),(60148,50148,104),(60149,50149,104),(60150,50150,102),(60151,50151,103),(60152,50152,103),(60153,50153,105),(60154,50154,104),(60155,50155,103),(60156,50156,104),(60157,50157,101),(60158,50158,103),(60159,50159,103),(60160,50160,103),(60161,50161,103),(60162,50162,103),(60163,50163,104),(60164,50164,104),(60165,50165,102),(60166,50166,104),(60167,50167,103),(60168,50168,101),(60169,50169,104),(60170,50170,100),(60171,50171,104),(60172,50172,100),(60173,50173,103),(60174,50174,105),(60175,50175,105),(60176,50176,100),(60177,50177,103),(60178,50178,104),(60179,50179,104),(60180,50180,103),(60181,50181,103),(60182,50182,104),(60183,50183,103),(60184,50184,103),(60185,50185,102),(60186,50186,103),(60187,50187,100),(60188,50188,100),(60189,50189,109),(60190,50190,104),(60191,50191,100),(60192,50192,104),(60193,50193,103),(60194,50194,103),(60195,50195,101),(60196,50196,103),(60197,50197,103),(60198,50198,103),(60199,50199,103);


CREATE TABLE MOVIE_DIRECTOR (
  movie_director_id int NOT NULL,
  movie_id          int DEFAULT NULL,
  director_id       int DEFAULT NULL,
  PRIMARY KEY       (movie_director_id),
  CONSTRAINT        fk_md_movie    FOREIGN KEY (movie_id)     REFERENCES MOVIE     (movie_id),
  CONSTRAINT        fk_md_director FOREIGN KEY (director_id)  REFERENCES DIRECTOR  (director_id)
);
--drop table MOVIE_DIRECTOR;

INSERT INTO MOVIE_DIRECTOR VALUES (70000,50000,20000),(70001,50001,20001),(70002,50002,20002),(70003,50003,20003),(70004,50004,20004),(70005,50005,20005),(70006,50006,20006),(70007,50007,20007),(70008,50008,20008),(70009,50009,20009),(70010,50010,20010),(70011,50011,20011),(70012,50012,20012),(70013,50013,20013),(70014,50014,20014),(70015,50015,20014),(70016,50016,20015),(70017,50017,20016),(70018,50018,20017),(70019,50019,20018),(70020,50020,20019),(70021,50021,20020),(70022,50022,20021),(70023,50023,20022),(70024,50024,20016),(70025,50025,20023),(70026,50026,20024),(70027,50027,20025),(70028,50028,20026),(70029,50029,20027),(70030,50030,20028),(70031,50031,20029),(70032,50032,20030),(70033,50033,20031),(70034,50034,20032),(70035,50035,20033),(70036,50036,20034),(70037,50037,20035),(70038,50038,20027),(70039,50039,20036),(70040,50040,20037),(70041,50041,20038),(70042,50042,20039),(70043,50043,20040),(70044,50044,20041),(70045,50045,20042),(70046,50046,20043),(70047,50047,20044),(70048,50048,20045),(70049,50049,20010),(70050,50050,20046),(70051,50051,20047),(70052,50052,20048),(70053,50053,20049),(70054,50054,20050),(70055,50055,20041),(70056,50056,20051),(70057,50057,20052),(70058,50058,20053),(70059,50059,20054),(70060,50060,20055),(70061,50061,20056),(70062,50062,20014),(70063,50063,20057),(70064,50064,20058),(70065,50065,20059),(70066,50066,20060),(70067,50067,20061),(70068,50068,20062),(70069,50069,20063),(70070,50070,20064),(70071,50071,20065),(70072,50072,20005),(70073,50073,20066),(70074,50074,20020),(70075,50075,20067),(70076,50076,20068),(70077,50077,20069),(70078,50078,20070),(70079,50079,20071),(70080,50080,20072),(70081,50081,20073),(70082,50082,20074),(70083,50083,20074),(70084,50084,20075),(70085,50085,20076),(70086,50086,20077),(70087,50087,20078),(70088,50088,20079),(70089,50089,20080),(70090,50090,20081),(70091,50091,20082),(70092,50092,20083),(70093,50093,20084),(70094,50094,20085),(70095,50095,20086),(70096,50096,20087),(70097,50097,20088),(70098,50098,20023),(70099,50099,20089),(70100,50100,20090),(70101,50101,20091),(70102,50102,20092),(70103,50103,20093),(70104,50104,20094),(70105,50105,20095),(70106,50106,20095),(70107,50107,20096),(70108,50108,20097),(70109,50109,20098),(70110,50110,20099),(70111,50111,20100),(70112,50112,20101),(70113,50113,20102),(70114,50114,20103),(70115,50115,20104),(70116,50116,20105),(70117,50117,20106),(70118,50118,20107),(70119,50119,20108),(70120,50120,20041),(70121,50121,20109),(70122,50122,20109),(70123,50123,20109),(70124,50124,20072),(70125,50125,20110),(70126,50126,20111),(70127,50127,20073),(70128,50128,20112),(70129,50129,20113),(70130,50130,20114),(70131,50131,20115),(70132,50132,20116),(70133,50133,20117),(70134,50134,20118),(70135,50135,20119),(70136,50136,20089),(70137,50137,20120),(70138,50138,20121),(70139,50139,20122),(70140,50140,20123),(70141,50141,20124),(70142,50142,20125),(70143,50143,20126),(70144,50144,20127),(70145,50145,20128),(70146,50146,20129),(70147,50147,20130),(70148,50148,20131),(70149,50149,20132),(70150,50150,20133),(70151,50151,20134),(70152,50152,20134),(70153,50153,20134),(70154,50154,20135),(70155,50155,20136),(70156,50156,20137),(70157,50157,20138),(70158,50158,20139),(70159,50159,20140),(70160,50160,20141),(70161,50161,20142),(70162,50162,20143),(70163,50163,20144),(70164,50164,20145),(70165,50165,20146),(70166,50166,20147),(70167,50167,20148),(70168,50168,20149),(70169,50169,20150),(70170,50170,20151),(70171,50171,20152),(70172,50172,20153),(70173,50173,20154),(70174,50174,20155),(70175,50175,20156),(70176,50176,20157),(70177,50177,20158),(70178,50178,20159),(70179,50179,20160),(70180,50180,20161),(70181,50181,20162),(70182,50182,20163),(70183,50183,20164),(70184,50184,20165),(70185,50185,20166),(70186,50186,20167),(70187,50187,20168),(70188,50188,20169),(70189,50189,20170),(70190,50190,20171),(70191,50191,20172),(70192,50192,20080),(70193,50193,20173),(70194,50194,20174),(70195,50195,20175),(70196,50196,20164),(70197,50197,20176),(70198,50198,20136),(70199,50199,20177);


CREATE TABLE MOVIE_RATING (
  movie_rating_id int NOT NULL,
  movie_id        int DEFAULT NULL,
  rating_id       int DEFAULT NULL,
  PRIMARY KEY     (movie_rating_id),
  CONSTRAINT      fk_mr_movie   FOREIGN KEY (movie_id)  REFERENCES MOVIE    (movie_id),
  CONSTRAINT      fk_mr_rating  FOREIGN KEY (rating_id) REFERENCES RATING   (rating_id)
);
--drop table MOVIE_RATING;

INSERT INTO MOVIE_RATING VALUES (80000,50000,30),(80001,50001,30),(80002,50002,30),(80003,50003,30),(80004,50004,30),(80005,50005,31),(80006,50006,31),(80007,50007,31),(80008,50008,30),(80009,50009,32),(80010,50010,32),(80011,50011,32),(80012,50012,31),(80013,50013,33),(80014,50014,31),(80015,50015,32),(80016,50016,31),(80017,50017,30),(80018,50018,32),(80019,50019,32),(80020,50020,30),(80021,50021,32),(80022,50022,32),(80023,50023,31),(80024,50024,30),(80025,50025,32),(80026,50026,32),(80027,50027,30),(80028,50028,30),(80029,50029,32),(80030,50030,32),(80031,50031,32),(80032,50032,32),(80033,50033,32),(80034,50034,31),(80035,50035,31),(80036,50036,30),(80037,50037,30),(80038,50038,30),(80039,50039,32),(80040,50040,30),(80041,50041,32),(80042,50042,31),(80043,50043,31),(80044,50044,30),(80045,50045,32),(80046,50046,30),(80047,50047,30),(80048,50048,30),(80049,50049,32),(80050,50050,32),(80051,50051,30),(80052,50052,32),(80053,50053,30),(80054,50054,30),(80055,50055,32),(80056,50056,32),(80057,50057,32),(80058,50058,31),(80059,50059,32),(80060,50060,30),(80061,50061,32),(80062,50062,32),(80063,50063,32),(80064,50064,30),(80065,50065,30),(80066,50066,31),(80067,50067,32),(80068,50068,31),(80069,50069,31),(80070,50070,30),(80071,50071,32),(80072,50072,30),(80073,50073,31),(80074,50074,32),(80075,50075,30),(80076,50076,30),(80077,50077,32),(80078,50078,32),(80079,50079,30),(80080,50080,32),(80081,50081,30),(80082,50082,30),(80083,50083,31),(80084,50084,31),(80085,50085,32),(80086,50086,31),(80087,50087,30),(80088,50088,30),(80089,50089,30),(80090,50090,32),(80091,50091,32),(80092,50092,32),(80093,50093,32),(80094,50094,32),(80095,50095,30),(80096,50096,32),(80097,50097,30),(80098,50098,32),(80099,50099,30),(80100,50100,32),(80101,50101,31),(80102,50102,32),(80103,50103,32),(80104,50104,30),(80105,50105,30),(80106,50106,30),(80107,50107,30),(80108,50108,30),(80109,50109,30),(80110,50110,31),(80111,50111,32),(80112,50112,31),(80113,50113,30),(80114,50114,30),(80115,50115,32),(80116,50116,30),(80117,50117,32),(80118,50118,30),(80119,50119,32),(80120,50120,32),(80121,50121,30),(80122,50122,30),(80123,50123,30),(80124,50124,32),(80125,50125,30),(80126,50126,30),(80127,50127,31),(80128,50128,30),(80129,50129,31),(80130,50130,31),(80131,50131,30),(80132,50132,32),(80133,50133,30),(80134,50134,32),(80135,50135,30),(80136,50136,30),(80137,50137,32),(80138,50138,32),(80139,50139,30),(80140,50140,32),(80141,50141,30),(80142,50142,32),(80143,50143,31),(80144,50144,30),(80145,50145,31),(80146,50146,32),(80147,50147,30),(80148,50148,32),(80149,50149,30),(80150,50150,32),(80151,50151,31),(80152,50152,31),(80153,50153,31),(80154,50154,32),(80155,50155,32),(80156,50156,30),(80157,50157,32),(80158,50158,30),(80159,50159,30),(80160,50160,32),(80161,50161,32),(80162,50162,32),(80163,50163,30),(80164,50164,32),(80165,50165,32),(80166,50166,32),(80167,50167,30),(80168,50168,32),(80169,50169,30),(80170,50170,32),(80171,50171,30),(80172,50172,32),(80173,50173,32),(80174,50174,31),(80175,50175,31),(80176,50176,32),(80177,50177,30),(80178,50178,32),(80179,50179,30),(80180,50180,30),(80181,50181,30),(80182,50182,32),(80183,50183,32),(80184,50184,32),(80185,50185,30),(80186,50186,32),(80187,50187,31),(80188,50188,30),(80189,50189,32),(80190,50190,30),(80191,50191,32),(80192,50192,30),(80193,50193,32),(80194,50194,32),(80195,50195,32),(80196,50196,32),(80197,50197,30),(80198,50198,31),(80199,50199,32);


CREATE TABLE MOVIE_CAST (
  movie_cast_id  int NOT NULL,
  movie_id       int DEFAULT NULL,
  actor_id       int DEFAULT NULL,
  PRIMARY KEY    (movie_cast_id),
  CONSTRAINT     fk_mc_movie FOREIGN KEY (movie_id)  REFERENCES MOVIE  (movie_id),
  CONSTRAINT     fk_mc_actor FOREIGN KEY (actor_id)  REFERENCES ACTOR  (actor_id)
);
--drop table MOVIE_CAST;

INSERT INTO MOVIE_CAST VALUES (900000,50000,41284),(900001,50000,40727),(900002,50000,41163),(900003,50000,40481),(900004,50000,40464),(900005,50000,40254),(900006,50000,41085),(900007,50000,40345),(900008,50000,41167),(900009,50000,41367),(900010,50000,40413),(900011,50001,40261),(900012,50001,41057),(900013,50001,40344),(900014,50001,41507),(900015,50001,41101),(900016,50001,41554),(900017,50001,41220),(900018,50001,40463),(900019,50001,40494),(900020,50001,40061),(900021,50001,40792),(900022,50002,40459),(900023,50002,40408),(900024,50002,40819),(900025,50002,40725),(900026,50002,40009),(900027,50002,40845),(900028,50002,41416),(900029,50002,41169),(900030,50002,40769),(900031,50002,40854),(900032,50003,41264),(900033,50003,41175),(900034,50003,40635),(900035,50003,40789),(900036,50003,41717),(900037,50003,40287),(900038,50003,40476),(900039,50003,41028),(900040,50003,40366),(900041,50003,40071),(900042,50004,40072),(900043,50004,40029),(900044,50004,41244),(900045,50004,41655),(900046,50004,41726),(900047,50004,41497),(900048,50004,40233),(900049,50004,41388),(900050,50004,40326),(900051,50005,40372),(900052,50005,40157),(900053,50005,40366),(900054,50005,41356),(900055,50005,40043),(900056,50005,41605),(900057,50005,40376),(900058,50005,40377),(900059,50005,40186),(900060,50005,41230),(900061,50006,40372),(900062,50006,41356),(900063,50006,40043),(900064,50006,41606),(900065,50006,40376),(900066,50006,40710),(900067,50006,40024),(900068,50006,40428),(900069,50006,40127),(900070,50006,40586),(900071,50007,40130),(900072,50007,41409),(900073,50007,41042),(900074,50007,40311),(900075,50007,41297),(900076,50007,40714),(900077,50007,41711),(900078,50007,41393),(900079,50007,41575),(900080,50007,40946),(900081,50008,41356),(900082,50008,40754),(900083,50008,41691),(900084,50008,40144),(900085,50008,40392),(900086,50008,40874),(900087,50008,41322),(900088,50008,41065),(900089,50009,40952),(900090,50009,40577),(900091,50009,40531),(900092,50009,40860),(900093,50009,40168),(900094,50009,41644),(900095,50009,41366),(900096,50009,40415),(900097,50009,41225),(900098,50009,41595),(900099,50010,40952),(900100,50010,40167),(900101,50010,40756),(900102,50010,40990),(900103,50010,40037),(900104,50010,41506),(900105,50010,41137),(900106,50010,40910),(900107,50010,40882),(900108,50010,40594),(900109,50010,41657),(900110,50011,40844),(900111,50011,40777),(900112,50011,41051),(900113,50011,41222),(900114,50011,40648),(900115,50011,41505),(900116,50011,41695),(900117,50012,41383),(900118,50012,41551),(900119,50012,40260),(900120,50012,40892),(900121,50012,41660),(900122,50012,41239),(900123,50012,41423),(900124,50012,40450),(900125,50012,40926),(900126,50012,41621),(900127,50012,41191),(900128,50012,40044),(900129,50013,40691),(900130,50013,41117),(900131,50013,40986),(900132,50013,40667),(900133,50013,41275),(900134,50013,41173),(900135,50014,41533),(900136,50014,40371),(900137,50014,40219),(900138,50014,40035),(900139,50014,40591),(900140,50014,40774),(900141,50014,41584),(900142,50014,40387),(900143,50014,41041),(900144,50014,41387),(900145,50015,40641),(900146,50015,41024),(900147,50015,40842),(900148,50015,41073),(900149,50015,41460),(900150,50015,41482),(900151,50015,41444),(900152,50015,40950),(900153,50016,41060),(900154,50016,41031),(900155,50016,40200),(900156,50016,41206),(900157,50016,41270),(900158,50016,41531),(900159,50016,40478),(900160,50016,40309),(900161,50016,40786),(900162,50016,41353),(900163,50016,40495),(900164,50016,41598),(900165,50016,40780),(900166,50016,41452),(900167,50016,41219),(900168,50017,40623),(900169,50017,40174),(900170,50017,41227),(900171,50017,41256),(900172,50017,40300),(900173,50017,40094),(900174,50017,41624),(900175,50017,40602),(900176,50017,41326),(900177,50017,40427),(900178,50018,40789),(900179,50018,41574),(900180,50018,41677),(900181,50018,40542),(900182,50018,40391),(900183,50018,40933),(900184,50018,41296),(900185,50018,40431),(900186,50018,41608),(900187,50018,41115),(900188,50018,40375),(900189,50018,40237),(900190,50019,41473),(900191,50019,40117),(900192,50019,41402),(900193,50019,40940),(900194,50019,40632),(900195,50019,40973),(900196,50019,40606),(900197,50019,40087),(900198,50019,40856),(900199,50019,41157),(900200,50020,40789),(900201,50020,41496),(900202,50020,40545),(900203,50020,41272),(900204,50020,40600),(900205,50020,40037),(900206,50020,40510),(900207,50020,41712),(900208,50020,41200),(900209,50020,41289),(900210,50020,40318),(900211,50020,41139),(900212,50020,40238),(900213,50021,41074),(900214,50021,41394),(900215,50021,40116),(900216,50021,41338),(900217,50021,41380),(900218,50021,41361),(900219,50021,40784),(900220,50021,40011),(900221,50021,41723),(900222,50021,41048),(900223,50021,41258),(900224,50022,41298),(900225,50022,41552),(900226,50022,40485),(900227,50022,41372),(900228,50022,40860),(900229,50022,41631),(900230,50022,41468),(900231,50022,41570),(900232,50022,40378),(900233,50022,40532),(900234,50023,40680),(900235,50023,40202),(900236,50023,41027),(900237,50023,41348),(900238,50023,40995),(900239,50023,40474),(900240,50023,41525),(900241,50023,40056),(900242,50023,40059),(900243,50023,40495),(900244,50023,40916),(900245,50023,41092),(900246,50023,40524),(900247,50023,41431),(900248,50024,40410),(900249,50024,41428),(900250,50024,41195),(900251,50024,40806),(900252,50024,41140),(900253,50024,40402),(900254,50024,41082),(900255,50024,40610),(900256,50024,41104),(900257,50024,40020),(900258,50025,41504),(900259,50025,41144),(900260,50025,40936),(900261,50025,40984),(900262,50025,40511),(900263,50025,40416),(900264,50025,40079),(900265,50025,40107),(900266,50025,41260),(900267,50025,41152),(900268,50025,41045),(900269,50025,40280),(900270,50025,41451),(900271,50025,41712),(900272,50026,40038),(900273,50026,40423),(900274,50026,41090),(900275,50026,40307),(900276,50026,40997),(900277,50026,40218),(900278,50026,40802),(900279,50026,40818),(900280,50027,40472),(900281,50027,41465),(900282,50027,40756),(900283,50027,41084),(900284,50027,40627),(900285,50027,40902),(900286,50027,41652),(900287,50027,40631),(900288,50027,41716),(900289,50027,41277),(900290,50027,40810),(900291,50027,40669),(900292,50028,40577),(900293,50028,41077),(900294,50028,40085),(900295,50028,40832),(900296,50028,40486),(900297,50028,41141),(900298,50028,40171),(900299,50028,40881),(900300,50029,41647),(900301,50029,40533),(900302,50029,41654),(900303,50029,40718),(900304,50029,40325),(900305,50029,41451),(900306,50029,40581),(900307,50029,41534),(900308,50029,40967),(900309,50029,40562),(900310,50029,40034),(900311,50029,40690),(900312,50029,40668),(900313,50030,41647),(900314,50030,40533),(900315,50030,41451),(900316,50030,41534),(900317,50030,40581),(900318,50030,40967),(900319,50030,40718),(900320,50030,40712),(900321,50030,40068),(900322,50030,41029),(900323,50031,41647),(900324,50031,40533),(900325,50031,40718),(900326,50031,41174),(900327,50031,40673),(900328,50031,41494),(900329,50031,41119),(900330,50031,40781),(900331,50031,41601),(900332,50031,40740),(900333,50032,41159),(900334,50032,40211),(900335,50032,41580),(900336,50032,41128),(900337,50032,41375),(900338,50032,41708),(900339,50032,40883),(900340,50032,40560),(900341,50032,40971),(900342,50032,40683),(900343,50032,40938),(900344,50032,40955),(900345,50033,40991),(900346,50033,41079),(900347,50033,40519),(900348,50033,40892),(900349,50033,40235),(900350,50033,40603),(900351,50033,41421),(900352,50033,40367),(900353,50033,40644),(900354,50033,41579),(900355,50033,41607),(900356,50033,41401),(900357,50033,40258),(900358,50033,40578),(900359,50033,40025),(900360,50033,40222),(900361,50033,40077),(900362,50034,40682),(900363,50034,41714),(900364,50034,40331),(900365,50034,41006),(900366,50034,40839),(900367,50034,40858),(900368,50034,41385),(900369,50034,40490),(900370,50034,41347),(900371,50034,41276),(900372,50035,41428),(900373,50035,40621),(900374,50035,41715),(900375,50035,40828),(900376,50035,40305),(900377,50035,41615),(900378,50035,41047),(900379,50035,40715),(900380,50035,40920),(900381,50035,40317),(900382,50035,41391),(900383,50035,40760),(900384,50035,40508),(900385,50036,40868),(900386,50036,40900),(900387,50036,40838),(900388,50036,40126),(900389,50036,41704),(900390,50036,40350),(900391,50036,40867),(900392,50036,41292),(900393,50036,41649),(900394,50036,41295),(900395,50037,41528),(900396,50037,40932),(900397,50037,41390),(900398,50037,41211),(900399,50037,41442),(900400,50037,40989),(900401,50037,40189),(900402,50037,41262),(900403,50037,40846),(900404,50037,40896),(900405,50037,41489),(900406,50037,41468),(900407,50038,40851),(900408,50038,40593),(900409,50038,41282),(900410,50038,40957),(900411,50038,40841),(900412,50038,41086),(900413,50038,41184),(900414,50038,41591),(900415,50038,40675),(900416,50038,40003),(900417,50039,41166),(900418,50039,40966),(900419,50039,40188),(900420,50039,41182),(900421,50039,41661),(900422,50039,40434),(900423,50039,41088),(900424,50039,41214),(900425,50039,40838),(900426,50039,40369),(900427,50039,40002),(900428,50040,40269),(900429,50040,41154),(900430,50040,41146),(900431,50040,40264),(900432,50040,40626),(900433,50040,41404),(900434,50040,40527),(900435,50040,41662),(900436,50040,41321),(900437,50040,41709),(900438,50040,40975),(900439,50040,41526),(900440,50040,41111),(900441,50040,40053),(900442,50040,40449),(900443,50041,41439),(900444,50041,41517),(900445,50041,41448),(900446,50041,40315),(900447,50041,40198),(900448,50041,40231),(900449,50041,41116),(900450,50041,41504),(900451,50041,40220),(900452,50041,40866),(900453,50042,40788),(900454,50042,41135),(900455,50042,41550),(900456,50042,41143),(900457,50042,40215),(900458,50042,40069),(900459,50042,40928),(900460,50042,40693),(900461,50042,41515),(900462,50042,41330),(900463,50042,40179),(900464,50043,40344),(900465,50043,40587),(900466,50043,40724),(900467,50043,40645),(900468,50043,40716),(900469,50043,40904),(900470,50043,40574),(900471,50043,40185),(900472,50044,41256),(900473,50044,41696),(900474,50044,40204),(900475,50044,40366),(900476,50044,40497),(900477,50044,41299),(900478,50044,40762),(900479,50044,40723),(900480,50044,41511),(900481,50045,40031),(900482,50045,41676),(900483,50045,41237),(900484,50045,41302),(900485,50045,41729),(900486,50045,41172),(900487,50045,40019),(900488,50045,40646),(900489,50045,40910),(900490,50045,41075),(900491,50045,40022),(900492,50045,40373),(900493,50045,40374),(900494,50045,40536),(900495,50045,41403),(900496,50045,40323),(900497,50045,40857),(900498,50045,41718),(900499,50045,40083);
INSERT INTO MOVIE_CAST VALUES (900500,50045,40672),(900501,50045,40913),(900502,50045,41628),(900503,50045,40222),(900504,50045,41369),(900505,50045,41159),(900506,50045,41636),(900507,50045,40941),(900508,50045,40471),(900509,50045,41122),(900510,50045,40226),(900511,50045,41226),(900512,50045,40824),(900513,50045,41523),(900514,50045,41633),(900515,50045,40747),(900516,50045,40584),(900517,50046,41662),(900518,50046,40485),(900519,50046,40890),(900520,50046,40263),(900521,50046,40089),(900522,50047,41430),(900523,50047,41257),(900524,50047,40363),(900525,50047,40687),(900526,50047,41197),(900527,50047,40974),(900528,50047,40247),(900529,50047,41609),(900530,50047,40987),(900531,50047,40520),(900532,50047,40272),(900533,50047,40697),(900534,50047,40921),(900535,50047,40052),(900536,50048,41502),(900537,50049,40038),(900538,50049,41002),(900539,50049,40807),(900540,50049,41454),(900541,50049,40580),(900542,50049,40420),(900543,50049,40525),(900544,50049,40597),(900545,50049,41254),(900546,50049,40090),(900547,50049,41480),(900548,50049,40195),(900549,50050,41435),(900550,50050,41532),(900551,50050,41269),(900552,50050,41476),(900553,50050,41440),(900554,50050,41229),(900555,50050,40826),(900556,50050,40256),(900557,50051,40000),(900558,50051,40803),(900559,50051,41492),(900560,50051,40771),(900561,50051,40583),(900562,50051,40159),(900563,50051,40375),(900564,50051,41461),(900565,50051,41064),(900566,50051,40016),(900567,50052,40945),(900568,50052,41340),(900569,50052,41455),(900570,50052,41156),(900571,50052,41279),(900572,50052,41307),(900573,50052,40551),(900574,50052,40036),(900575,50053,40000),(900576,50053,41370),(900577,50053,40209),(900578,50053,41059),(900579,50053,40539),(900580,50053,41719),(900581,50053,41290),(900582,50053,41731),(900583,50054,41451),(900584,50054,41139),(900585,50054,40487),(900586,50054,40124),(900587,50054,41135),(900588,50054,41542),(900589,50054,40180),(900590,50054,40914),(900591,50054,40177),(900592,50054,40942),(900593,50055,40918),(900594,50055,40337),(900595,50055,41110),(900596,50055,40773),(900597,50055,40720),(900598,50055,40282),(900599,50055,41153),(900600,50055,40893),(900601,50055,40108),(900602,50055,40569),(900603,50056,40859),(900604,50056,40708),(900605,50056,40964),(900606,50056,41692),(900607,50056,40640),(900608,50056,41424),(900609,50056,40746),(900610,50056,40579),(900611,50056,40050),(900612,50056,41456),(900613,50056,40800),(900614,50056,40293),(900615,50056,41198),(900616,50056,41665),(900617,50056,41192),(900618,50057,41211),(900619,50057,40958),(900620,50057,40288),(900621,50057,40158),(900622,50057,41458),(900623,50057,40299),(900624,50057,41418),(900625,50057,40182),(900626,50057,41349),(900627,50057,40400),(900628,50058,40996),(900629,50058,40017),(900630,50058,40062),(900631,50058,40961),(900632,50058,40454),(900633,50058,41220),(900634,50059,41233),(900635,50059,40505),(900636,50059,41582),(900637,50059,41572),(900638,50059,40541),(900639,50059,41253),(900640,50059,40341),(900641,50059,40465),(900642,50059,40947),(900643,50060,40863),(900644,50060,40972),(900645,50060,40862),(900646,50060,41164),(900647,50060,41136),(900648,50060,40430),(900649,50060,41005),(900650,50060,40649),(900651,50060,41585),(900652,50060,41419),(900653,50061,40572),(900654,50061,40285),(900655,50061,41352),(900656,50061,40887),(900657,50061,41408),(900658,50061,41148),(900659,50061,40612),(900660,50061,41138),(900661,50061,41639),(900662,50061,40703),(900663,50061,40766),(900664,50061,40018),(900665,50061,41201),(900666,50061,40352),(900667,50062,40339),(900668,50062,40488),(900669,50062,40692),(900670,50062,40203),(900671,50062,40688),(900672,50062,40194),(900673,50062,40685),(900674,50062,40546),(900675,50063,41487),(900676,50063,41552),(900677,50063,41671),(900678,50063,40364),(900679,50063,40721),(900680,50063,40123),(900681,50063,41441),(900682,50063,40275),(900683,50064,41313),(900684,50064,41212),(900685,50064,41143),(900686,50064,40100),(900687,50064,40207),(900688,50064,40752),(900689,50064,40919),(900690,50064,40419),(900691,50064,40118),(900692,50064,40121),(900693,50065,40624),(900694,50065,40029),(900695,50065,41610),(900696,50065,41641),(900697,50065,41618),(900698,50065,40768),(900699,50065,40382),(900700,50066,40796),(900701,50066,40236),(900702,50066,40173),(900703,50066,41590),(900704,50066,40286),(900705,50066,40397),(900706,50066,40116),(900707,50066,40538),(900708,50067,40088),(900709,50067,40283),(900710,50067,40573),(900711,50067,41177),(900712,50067,40312),(900713,50067,41565),(900714,50067,40367),(900715,50067,41371),(900716,50068,40656),(900717,50068,40911),(900718,50068,41289),(900719,50068,41545),(900720,50068,40892),(900721,50068,41216),(900722,50068,41703),(900723,50068,41121),(900724,50068,40106),(900725,50068,41068),(900726,50068,40475),(900727,50068,40745),(900728,50069,40656),(900729,50069,40911),(900730,50069,41216),(900731,50069,41703),(900732,50069,41121),(900733,50069,40161),(900734,50069,40816),(900735,50070,40532),(900736,50070,40437),(900737,50070,40337),(900738,50070,40461),(900739,50070,40057),(900740,50070,40860),(900741,50070,40215),(900742,50070,41674),(900743,50070,40739),(900744,50071,40943),(900745,50071,40757),(900746,50071,40239),(900747,50071,40342),(900748,50071,40830),(900749,50071,40962),(900750,50071,41651),(900751,50071,41311),(900752,50071,41642),(900753,50072,41344),(900754,50072,41368),(900755,50072,40529),(900756,50072,40791),(900757,50072,40007),(900758,50072,40827),(900759,50072,41134),(900760,50072,41558),(900761,50072,40451),(900762,50072,40670),(900763,50073,40460),(900764,50073,41485),(900765,50073,40548),(900766,50073,40139),(900767,50073,40294),(900768,50073,40250),(900769,50073,41597),(900770,50073,41200),(900771,50073,40804),(900772,50073,40744),(900773,50074,40046),(900774,50074,40738),(900775,50074,41045),(900776,50074,41358),(900777,50074,41241),(900778,50074,40364),(900779,50074,41079),(900780,50074,40995),(900781,50074,40172),(900782,50074,40512),(900783,50075,40251),(900784,50075,40650),(900785,50075,40039),(900786,50075,40330),(900787,50075,40142),(900788,50075,40821),(900789,50075,41301),(900790,50075,41643),(900791,50075,40321),(900792,50075,40978),(900793,50075,40185),(900794,50075,41614),(900795,50076,40324),(900796,50076,40422),(900797,50076,40929),(900798,50076,41555),(900799,50076,40915),(900800,50076,40053),(900801,50076,40751),(900802,50076,40132),(900803,50076,41678),(900804,50077,41045),(900805,50077,40201),(900806,50077,40983),(900807,50077,41629),(900808,50077,40220),(900809,50077,41464),(900810,50077,40797),(900811,50077,40255),(900812,50077,40628),(900813,50077,41318),(900814,50077,40502),(900815,50078,41593),(900816,50078,41653),(900817,50078,41576),(900818,50078,41021),(900819,50078,41007),(900820,50078,41080),(900821,50078,41107),(900822,50078,40814),(900823,50078,40660),(900824,50078,40869),(900825,50078,41434),(900826,50078,40526),(900827,50078,40601),(900828,50078,41425),(900829,50078,40730),(900830,50079,41344),(900831,50079,40466),(900832,50079,41640),(900833,50079,41562),(900834,50079,41202),(900835,50079,40622),(900836,50079,40905),(900837,50079,40990),(900838,50079,41382),(900839,50079,40518),(900840,50079,40392),(900841,50079,41489),(900842,50080,41627),(900843,50080,40021),(900844,50080,40137),(900845,50080,40201),(900846,50080,41631),(900847,50080,41146),(900848,50080,40509),(900849,50080,41147),(900850,50080,41697),(900851,50080,40316),(900852,50080,40216),(900853,50080,40429),(900854,50080,40454),(900855,50080,40306),(900856,50080,40048),(900857,50081,40871),(900858,50081,41013),(900859,50081,41420),(900860,50081,41503),(900861,50081,41594),(900862,50081,41537),(900863,50081,41093),(900864,50081,40227),(900865,50081,41713),(900866,50082,40498),(900867,50082,40040),(900868,50082,40468),(900869,50082,41413),(900870,50082,40440),(900871,50082,40049),(900872,50082,40319),(900873,50082,41405),(900874,50082,41581),(900875,50082,41032),(900876,50083,41413),(900877,50083,41499),(900878,50083,40498),(900879,50083,40040),(900880,50083,40440),(900881,50083,41449),(900882,50083,40912),(900883,50084,41522),(900884,50084,41303),(900885,50084,41486),(900886,50084,41304),(900887,50084,40412),(900888,50084,41099),(900889,50084,40064),(900890,50084,40386),(900891,50084,41345),(900892,50084,40320),(900893,50084,40570),(900894,50084,40152),(900895,50085,41340),(900896,50085,40945),(900897,50085,41560),(900898,50085,40770),(900899,50085,41463),(900900,50085,40720),(900901,50085,40280),(900902,50085,41278),(900903,50085,40013),(900904,50085,40635),(900905,50086,40298),(900906,50086,40700),(900907,50086,41175),(900908,50086,40493),(900909,50086,41033),(900910,50086,40930),(900911,50086,40998),(900912,50087,41236),(900913,50087,40314),(900914,50087,40235),(900915,50087,41474),(900916,50087,40604),(900917,50087,40605),(900918,50087,40849),(900919,50088,40897),(900920,50088,40767),(900921,50088,40187),(900922,50088,40572),(900923,50088,41619),(900924,50088,41146),(900925,50088,40223),(900926,50088,41069),(900927,50088,41483),(900928,50088,41095),(900929,50088,40653),(900930,50088,41350),(900931,50088,40334),(900932,50088,40023),(900933,50088,41365),(900934,50089,40918),(900935,50089,40388),(900936,50089,40378),(900937,50089,40301),(900938,50089,41086),(900939,50089,40484),(900940,50089,40543),(900941,50089,40559),(900942,50089,41730),(900943,50089,41255),(900944,50089,40848),(900945,50089,41693),(900946,50090,40297),(900947,50090,41445),(900948,50090,40864),(900949,50090,40230),(900950,50090,41171),(900951,50090,40482),(900952,50090,41675),(900953,50090,41265),(900954,50090,40026),(900955,50090,41459),(900956,50091,41611),(900957,50091,41051),(900958,50091,41508),(900959,50091,40324),(900960,50091,40970),(900961,50091,40651),(900962,50091,40829),(900963,50091,40599),(900964,50092,40783),(900965,50092,41031),(900966,50092,41223),(900967,50092,40906),(900968,50092,41046),(900969,50092,41020),(900970,50092,41240),(900971,50092,40500),(900972,50093,40038),(900973,50093,40871),(900974,50093,40988),(900975,50093,41252),(900976,50093,40643),(900977,50093,41616),(900978,50093,41519),(900979,50093,40917),(900980,50094,40764),(900981,50094,41256),(900982,50094,41061),(900983,50094,41501),(900984,50094,41105),(900985,50094,40778),(900986,50094,41063),(900987,50094,41146),(900988,50094,40805),(900989,50094,41626),(900990,50095,40812),(900991,50095,40173),(900992,50095,40733),(900993,50095,40992),(900994,50095,41666),(900995,50095,40001),(900996,50095,40711),(900997,50095,40686),(900998,50095,41327),(900999,50095,40012);
INSERT INTO MOVIE_CAST VALUES (901000,50096,41218),(901001,50096,40842),(901002,50096,40787),(901003,50096,41535),(901004,50096,41503),(901005,50096,41138),(901006,50096,40477),(901007,50096,40160),(901008,50096,41510),(901009,50096,41583),(901010,50096,40404),(901011,50096,41247),(901012,50097,40393),(901013,50097,40568),(901014,50097,40162),(901015,50097,40070),(901016,50097,40722),(901017,50097,41513),(901018,50097,40935),(901019,50097,40155),(901020,50097,40229),(901021,50097,41127),(901022,50098,41704),(901023,50098,40540),(901024,50098,40180),(901025,50098,41119),(901026,50099,41653),(901027,50099,41016),(901028,50099,41033),(901029,50099,41373),(901030,50099,41025),(901031,50099,41465),(901032,50099,41150),(901033,50099,41658),(901034,50099,40949),(901035,50099,40356),(901036,50099,40098),(901037,50099,41166),(901038,50099,41029),(901039,50099,40705),(901040,50099,41690),(901041,50099,40523),(901042,50099,40939),(901043,50099,41190),(901044,50099,41467),(901045,50100,41658),(901046,50100,41056),(901047,50100,41344),(901048,50100,41238),(901049,50100,41045),(901050,50100,41217),(901051,50100,40058),(901052,50100,41484),(901053,50100,41263),(901054,50100,40335),(901055,50100,40134),(901056,50100,41417),(901057,50100,41529),(901058,50100,40248),(901059,50100,40879),(901060,50100,41707),(901061,50101,40840),(901062,50101,40333),(901063,50101,41026),(901064,50101,41037),(901065,50101,41283),(901066,50101,41527),(901067,50101,41036),(901068,50101,41432),(901069,50101,40825),(901070,50101,41543),(901071,50101,40759),(901072,50102,41323),(901073,50102,40038),(901074,50102,41586),(901075,50102,40349),(901076,50102,40898),(901077,50102,41541),(901078,50102,40141),(901079,50102,40960),(901080,50102,41557),(901081,50102,40799),(901082,50102,41648),(901083,50102,40370),(901084,50103,40702),(901085,50103,41552),(901086,50103,40701),(901087,50103,40582),(901088,50103,40281),(901089,50103,40291),(901090,50103,40358),(901091,50103,41462),(901092,50104,40240),(901093,50104,41433),(901094,50104,40394),(901095,50104,40687),(901096,50104,41634),(901097,50104,40793),(901098,50104,41567),(901099,50104,41561),(901100,50104,40609),(901101,50104,41392),(901102,50105,40156),(901103,50105,40252),(901104,50105,40705),(901105,50105,41573),(901106,50105,41720),(901107,50105,41271),(901108,50105,40423),(901109,50105,40338),(901110,50105,40499),(901111,50105,40178),(901112,50106,40156),(901113,50106,40252),(901114,50106,40705),(901115,50106,41720),(901116,50106,41271),(901117,50106,40178),(901118,50106,40499),(901119,50106,40423),(901120,50106,40338),(901121,50106,41573),(901122,50107,40156),(901123,50107,40252),(901124,50107,40705),(901125,50107,40109),(901126,50107,41573),(901127,50107,40091),(901128,50107,41720),(901129,50107,41271),(901130,50107,40499),(901131,50107,40423),(901132,50107,40178),(901133,50107,40338),(901134,50108,40156),(901135,50108,40252),(901136,50108,40705),(901137,50108,40178),(901138,50108,40833),(901139,50108,41573),(901140,50108,41178),(901141,50108,40091),(901142,50108,41720),(901143,50108,41271),(901144,50108,40499),(901145,50108,40423),(901146,50108,40338),(901147,50108,40032),(901148,50109,40156),(901149,50109,40252),(901150,50109,41573),(901151,50109,41720),(901152,50109,41271),(901153,50109,40421),(901154,50109,40178),(901155,50109,41332),(901156,50109,40338),(901157,50109,40705),(901158,50109,40499),(901159,50109,40423),(901160,50110,40698),(901161,50110,40767),(901162,50110,41342),(901163,50110,41213),(901164,50110,41517),(901165,50110,40693),(901166,50110,41087),(901167,50110,41179),(901168,50110,41203),(901169,50110,40596),(901170,50111,41377),(901171,50111,40156),(901172,50111,40356),(901173,50111,40348),(901174,50111,41217),(901175,50111,41501),(901176,50111,41089),(901177,50111,40504),(901178,50111,41145),(901179,50111,41530),(901180,50112,40368),(901181,50112,41208),(901182,50112,41187),(901183,50112,40017),(901184,50112,41410),(901185,50112,41514),(901186,50112,41186),(901187,50112,40065),(901188,50112,40443),(901189,50112,41613),(901190,50112,41074),(901191,50113,40615),(901192,50113,41178),(901193,50113,41673),(901194,50113,40232),(901195,50113,40073),(901196,50113,40075),(901197,50113,41317),(901198,50113,40362),(901199,50113,40629),(901200,50113,40713),(901201,50113,40674),(901202,50113,40352),(901203,50114,41187),(901204,50114,40225),(901205,50114,41129),(901206,50114,41684),(901207,50114,41259),(901208,50114,40399),(901209,50114,41168),(901210,50114,40164),(901211,50114,40589),(901212,50114,41596),(901213,50115,40875),(901214,50115,41282),(901215,50115,41342),(901216,50115,41560),(901217,50115,41376),(901218,50115,40361),(901219,50115,40038),(901220,50115,40611),(901221,50115,40411),(901222,50115,40815),(901223,50116,41221),(901224,50116,41078),(901225,50116,41226),(901226,50116,40908),(901227,50116,41363),(901228,50116,40360),(901229,50116,40763),(901230,50116,41536),(901231,50116,40292),(901232,50116,40267),(901233,50117,40733),(901234,50117,41698),(901235,50117,41500),(901236,50117,40808),(901237,50117,40963),(901238,50117,40047),(901239,50117,40196),(901240,50117,40592),(901241,50117,41180),(901242,50117,40652),(901243,50117,40655),(901244,50117,40729),(901245,50117,40289),(901246,50118,41362),(901247,50118,40074),(901248,50118,41066),(901249,50118,41524),(901250,50118,41235),(901251,50118,41193),(901252,50118,41668),(901253,50118,41102),(901254,50118,41559),(901255,50119,40999),(901256,50119,41125),(901257,50119,41406),(901258,50119,41422),(901259,50119,40663),(901260,50119,40696),(901261,50119,41287),(901262,50119,40113),(901263,50119,40550),(901264,50119,41055),(901265,50120,40789),(901266,50120,41175),(901267,50120,40932),(901268,50120,41699),(901269,50120,41112),(901270,50120,41146),(901271,50120,40776),(901272,50120,40446),(901273,50120,40614),(901274,50120,40299),(901275,50120,40270),(901276,50120,41023),(901277,50120,40380),(901278,50120,41248),(901279,50120,40021),(901280,50121,41285),(901281,50121,40359),(901282,50121,41414),(901283,50121,41072),(901284,50121,40418),(901285,50121,41000),(901286,50121,40365),(901287,50121,40392),(901288,50121,40262),(901289,50122,41285),(901290,50122,40870),(901291,50122,41072),(901292,50122,40249),(901293,50122,40418),(901294,50122,41414),(901295,50122,40473),(901296,50122,41000),(901297,50122,41472),(901298,50122,40843),(901299,50122,40503),(901300,50123,41285),(901301,50123,40308),(901302,50123,41072),(901303,50123,40418),(901304,50123,41329),(901305,50123,41414),(901306,50123,41000),(901307,50123,40365),(901308,50123,40870),(901309,50123,40503),(901310,50124,41538),(901311,50124,40590),(901312,50124,40201),(901313,50124,40308),(901314,50124,41146),(901315,50124,40080),(901316,50124,41631),(901317,50124,40216),(901318,50124,41627),(901319,50124,40021),(901320,50125,41334),(901321,50125,41625),(901322,50125,41587),(901323,50125,40875),(901324,50125,41246),(901325,50125,41291),(901326,50125,40549),(901327,50125,40215),(901328,50125,40794),(901329,50125,41079),(901330,50125,41126),(901331,50125,41650),(901332,50126,40706),(901333,50126,41686),(901334,50126,40556),(901335,50126,40549),(901336,50126,40953),(901337,50126,40642),(901338,50126,41470),(901339,50126,40414),(901340,50127,40748),(901341,50127,41273),(901342,50127,40489),(901343,50127,41564),(901344,50127,40714),(901345,50127,41466),(901346,50127,41258),(901347,50128,41236),(901348,50128,40860),(901349,50128,40181),(901350,50128,40170),(901351,50128,40114),(901352,50128,40954),(901353,50129,41430),(901354,50129,40266),(901355,50129,40461),(901356,50129,40310),(901357,50129,41340),(901358,50129,41587),(901359,50129,41142),(901360,50129,41469),(901361,50129,40865),(901362,50129,40375),(901363,50130,41430),(901364,50130,40461),(901365,50130,40266),(901366,50130,41175),(901367,50130,41340),(901368,50130,41587),(901369,50130,41142),(901370,50130,41469),(901371,50130,40375),(901372,50130,41181),(901373,50131,41319),(901374,50131,40379),(901375,50131,41256),(901376,50131,40271),(901377,50131,40895),(901378,50131,40873),(901379,50131,40598),(901380,50131,40081),(901381,50131,40619),(901382,50131,40979),(901383,50132,41096),(901384,50132,40424),(901385,50132,41022),(901386,50132,40616),(901387,50132,41189),(901388,50132,40122),(901389,50132,40695),(901390,50132,40060),(901391,50132,40982),(901392,50132,41308),(901393,50132,41566),(901394,50132,40436),(901395,50132,40213),(901396,50132,40765),(901397,50132,41645),(901398,50133,40276),(901399,50133,41202),(901400,50133,41437),(901401,50133,41181),(901402,50133,41103),(901403,50133,40403),(901404,50133,40922),(901405,50133,40850),(901406,50133,41411),(901407,50133,40558),(901408,50133,41360),(901409,50134,41439),(901410,50134,40656),(901411,50134,41118),(901412,50134,41196),(901413,50134,41399),(901414,50134,41108),(901415,50134,40099),(901416,50134,40425),(901417,50134,41094),(901418,50134,40704),(901419,50134,40021),(901420,50135,40753),(901421,50135,40014),(901422,50135,41632),(901423,50135,40850),(901424,50135,40944),(901425,50135,41106),(901426,50135,40737),(901427,50135,40115),(901428,50135,40265),(901429,50135,41199),(901430,50136,40030),(901431,50136,41282),(901432,50136,41190),(901433,50136,41204),(901434,50136,40661),(901435,50136,40481),(901436,50136,41310),(901437,50136,41670),(901438,50136,40782),(901439,50136,41150),(901440,50136,41228),(901441,50136,41059),(901442,50136,40775),(901443,50136,40790),(901444,50136,40949),(901445,50136,40455),(901446,50137,41468),(901447,50137,41166),(901448,50137,41163),(901449,50137,40553),(901450,50137,40129),(901451,50137,41317),(901452,50137,40153),(901453,50137,41551),(901454,50137,41488),(901455,50137,40561),(901456,50137,41305),(901457,50138,41162),(901458,50138,40733),(901459,50138,40813),(901460,50138,41038),(901461,50138,40779),(901462,50138,40694),(901463,50138,40470),(901464,50138,40082),(901465,50138,40699),(901466,50138,41071),(901467,50138,40417),(901468,50138,40462),(901469,50138,41124),(901470,50138,40278),(901471,50139,40296),(901472,50139,40240),(901473,50139,40585),(901474,50139,40951),(901475,50139,40552),(901476,50139,41725),(901477,50139,41694),(901478,50139,40010),(901479,50140,40274),(901480,50140,40322),(901481,50140,41612),(901482,50140,40837),(901483,50140,41242),(901484,50140,40445),(901485,50140,40112),(901486,50140,41495),(901487,50140,40051),(901488,50140,40125),(901489,50141,40492),(901490,50141,40017),(901491,50141,41051),(901492,50141,40243),(901493,50141,40734),(901494,50141,40242),(901495,50141,40877),(901496,50141,41098),(901497,50141,40299),(901498,50141,40633),(901499,50141,40927);
INSERT INTO MOVIE_CAST VALUES (901500,50141,40438),(901501,50141,41210),(901502,50141,41386),(901503,50142,40969),(901504,50142,40755),(901505,50142,41667),(901506,50142,40762),(901507,50142,41548),(901508,50142,40183),(901509,50142,40937),(901510,50142,41663),(901511,50142,40993),(901512,50142,40934),(901513,50142,41314),(901514,50143,41688),(901515,50143,40886),(901516,50143,41207),(901517,50143,41659),(901518,50143,41685),(901519,50143,40235),(901520,50143,41288),(901521,50143,40948),(901522,50143,40923),(901523,50143,40329),(901524,50144,40831),(901525,50144,40006),(901526,50144,40452),(901527,50144,40173),(901528,50144,41132),(901529,50144,40241),(901530,50144,40863),(901531,50144,40447),(901532,50144,40817),(901533,50144,40636),(901534,50144,40564),(901535,50144,41710),(901536,50145,41262),(901537,50145,41267),(901538,50145,41427),(901539,50145,41359),(901540,50145,41251),(901541,50146,40146),(901542,50146,41520),(901543,50146,40092),(901544,50146,40140),(901545,50146,40351),(901546,50146,41158),(901547,50146,41471),(901548,50146,40861),(901549,50147,40503),(901550,50147,41627),(901551,50147,41378),(901552,50147,40720),(901553,50147,40177),(901554,50147,41008),(901555,50147,41396),(901556,50147,40827),(901557,50147,41182),(901558,50147,40002),(901559,50148,40909),(901560,50148,41635),(901561,50148,40965),(901562,50148,40212),(901563,50148,41339),(901564,50148,40607),(901565,50148,40907),(901566,50148,41539),(901567,50148,41003),(901568,50149,41398),(901569,50149,41246),(901570,50149,41453),(901571,50149,41479),(901572,50149,40054),(901573,50149,40855),(901574,50149,40917),(901575,50149,40537),(901576,50149,41728),(901577,50149,40595),(901578,50150,41475),(901579,50150,40303),(901580,50150,40095),(901581,50150,41571),(901582,50150,40101),(901583,50150,40244),(901584,50150,40535),(901585,50150,41682),(901586,50151,41568),(901587,50151,40273),(901588,50151,41589),(901589,50151,40175),(901590,50151,41015),(901591,50151,41131),(901592,50151,41149),(901593,50151,41389),(901594,50152,41568),(901595,50152,40273),(901596,50152,40728),(901597,50152,40191),(901598,50152,41030),(901599,50152,40662),(901600,50152,40384),(901601,50152,40199),(901602,50152,40290),(901603,50152,40175),(901604,50152,41131),(901605,50153,41568),(901606,50153,40273),(901607,50153,40521),(901608,50153,41549),(901609,50153,40175),(901610,50153,40638),(901611,50153,41381),(901612,50153,41015),(901613,50153,41054),(901614,50154,40381),(901615,50154,40925),(901616,50154,41686),(901617,50154,41109),(901618,50154,41700),(901619,50154,41563),(901620,50154,40135),(901621,50154,41284),(901622,50154,40041),(901623,50154,40479),(901624,50155,40131),(901625,50155,41010),(901626,50155,40676),(901627,50155,40206),(901628,50155,40608),(901629,50155,40130),(901630,50155,41672),(901631,50155,40931),(901632,50155,40063),(901633,50155,41509),(901634,50155,40677),(901635,50155,40208),(901636,50155,41231),(901637,50155,41518),(901638,50155,41484),(901639,50155,40224),(901640,50155,40313),(901641,50155,41337),(901642,50155,40534),(901643,50156,41362),(901644,50156,41178),(901645,50156,41086),(901646,50156,41438),(901647,50156,40976),(901648,50156,41328),(901649,50156,40889),(901650,50156,41009),(901651,50157,40573),(901652,50157,40096),(901653,50157,41040),(901654,50157,41053),(901655,50157,40097),(901656,50157,41161),(901657,50157,41400),(901658,50157,40571),(901659,50158,40513),(901660,50158,41227),(901661,50158,40491),(901662,50158,41086),(901663,50158,40426),(901664,50158,40809),(901665,50158,41602),(901666,50158,41315),(901667,50158,41395),(901668,50158,41357),(901669,50158,40917),(901670,50158,41261),(901671,50158,40021),(901672,50159,40461),(901673,50159,40328),(901674,50159,41412),(901675,50159,40563),(901676,50159,40086),(901677,50159,41250),(901678,50159,40456),(901679,50159,41443),(901680,50159,40154),(901681,50159,40093),(901682,50160,40872),(901683,50160,40096),(901684,50160,41178),(901685,50160,41477),(901686,50160,41113),(901687,50160,41004),(901688,50160,40717),(901689,50160,41364),(901690,50160,40145),(901691,50160,40332),(901692,50161,40872),(901693,50161,41457),(901694,50161,40243),(901695,50161,41039),(901696,50161,40253),(901697,50161,40234),(901698,50161,41492),(901699,50161,40496),(901700,50161,41044),(901701,50161,41331),(901702,50162,41178),(901703,50162,41113),(901704,50162,40135),(901705,50162,40878),(901706,50162,40332),(901707,50162,40880),(901708,50162,40347),(901709,50162,41569),(901710,50162,41309),(901711,50162,40547),(901712,50162,40876),(901713,50163,40566),(901714,50163,40885),(901715,50163,41447),(901716,50163,41097),(901717,50163,40785),(901718,50163,41286),(901719,50163,40345),(901720,50163,40457),(901721,50163,41012),(901722,50163,41293),(901723,50163,40354),(901724,50163,40795),(901725,50163,40742),(901726,50163,41205),(901727,50163,41133),(901728,50164,41519),(901729,50164,40396),(901730,50164,40067),(901731,50164,40903),(901732,50164,40981),(901733,50164,40176),(901734,50164,41518),(901735,50164,41681),(901736,50165,41039),(901737,50165,40405),(901738,50165,40684),(901739,50165,41049),(901740,50165,40522),(901741,50165,41646),(901742,50165,40448),(901743,50165,41245),(901744,50165,41547),(901745,50165,41599),(901746,50166,40565),(901747,50166,40894),(901748,50166,40214),(901749,50166,41195),(901750,50166,41067),(901751,50166,40901),(901752,50166,40304),(901753,50166,41052),(901754,50166,40166),(901755,50166,41578),(901756,50166,40168),(901757,50167,40357),(901758,50167,41306),(901759,50167,41553),(901760,50167,40959),(901761,50167,40587),(901762,50167,40686),(901763,50167,41198),(901764,50167,41351),(901765,50167,40354),(901766,50168,40501),(901767,50168,41017),(901768,50168,41294),(901769,50168,40190),(901770,50168,40120),(901771,50168,40407),(901772,50168,41300),(901773,50168,40575),(901774,50169,40102),(901775,50169,40772),(901776,50169,41490),(901777,50169,41091),(901778,50169,41152),(901779,50169,40994),(901780,50169,40138),(901781,50169,40735),(901782,50170,41373),(901783,50170,40862),(901784,50170,41439),(901785,50170,40314),(901786,50170,41601),(901787,50170,40544),(901788,50170,40689),(901789,50170,40398),(901790,50170,40811),(901791,50170,40150),(901792,50171,41498),(901793,50171,40822),(901794,50171,41623),(901795,50171,41556),(901796,50171,41043),(901797,50171,40620),(901798,50171,40678),(901799,50171,41622),(901800,50172,40030),(901801,50172,40836),(901802,50172,40246),(901803,50172,40968),(901804,50172,40279),(901805,50172,40486),(901806,50172,40956),(901807,50172,40480),(901808,50172,40849),(901809,50172,40770),(901810,50173,40128),(901811,50173,40055),(901812,50173,41343),(901813,50173,41249),(901814,50173,40823),(901815,50173,40284),(901816,50173,41312),(901817,50173,41316),(901818,50173,41294),(901819,50173,41018),(901820,50174,41194),(901821,50174,40654),(901822,50174,40149),(901823,50174,40618),(901824,50174,41620),(901825,50174,40066),(901826,50174,40004),(901827,50174,40847),(901828,50174,40257),(901829,50174,40453),(901830,50174,40184),(901831,50175,41019),(901832,50175,40241),(901833,50175,41680),(901834,50175,40128),(901835,50175,41588),(901836,50175,41083),(901837,50175,40163),(901838,50176,40630),(901839,50176,40813),(901840,50176,40891),(901841,50176,40554),(901842,50176,40598),(901843,50176,40169),(901844,50176,41426),(901845,50176,40180),(901846,50176,41185),(901847,50176,41183),(901848,50176,41239),(901849,50176,41577),(901850,50177,40613),(901851,50177,41592),(901852,50177,41076),(901853,50177,40980),(901854,50177,41481),(901855,50177,40743),(901856,50177,40647),(901857,50178,40008),(901858,50178,40277),(901859,50178,40761),(901860,50178,40892),(901861,50178,41335),(901862,50178,41722),(901863,50178,40515),(901864,50178,40015),(901865,50178,40133),(901866,50178,40555),(901867,50179,41701),(901868,50179,40665),(901869,50179,41325),(901870,50179,40399),(901871,50179,41268),(901872,50179,40679),(901873,50180,40702),(901874,50180,41376),(901875,50180,40853),(901876,50180,41512),(901877,50180,40977),(901878,50180,40037),(901879,50180,41016),(901880,50180,40563),(901881,50180,40732),(901882,50180,40798),(901883,50180,41354),(901884,50180,40666),(901885,50180,40033),(901886,50180,40736),(901887,50180,41281),(901888,50181,40005),(901889,50181,40734),(901890,50181,41176),(901891,50181,40353),(901892,50181,41243),(901893,50181,41664),(901894,50181,41232),(901895,50181,41429),(901896,50181,41346),(901897,50181,40444),(901898,50181,40809),(901899,50182,40228),(901900,50182,41320),(901901,50182,40369),(901902,50182,40197),(901903,50182,41656),(901904,50182,40749),(901905,50182,40634),(901906,50182,40707),(901907,50182,40442),(901908,50182,41324),(901909,50183,41637),(901910,50183,40147),(901911,50183,40327),(901912,50183,40639),(901913,50183,40151),(901914,50183,40045),(901915,50183,40389),(901916,50183,41397),(901917,50183,40820),(901918,50183,41062),(901919,50184,40210),(901920,50184,40658),(901921,50184,41100),(901922,50184,41516),(901923,50184,41702),(901924,50184,40268),(901925,50184,41355),(901926,50184,41679),(901927,50184,41521),(901928,50184,41209),(901929,50185,40005),(901930,50185,40617),(901931,50185,41333),(901932,50185,40659),(901933,50185,41081),(901934,50185,40192),(901935,50185,41544),(901936,50185,40731),(901937,50185,41384),(901938,50186,40245),(901939,50186,40483),(901940,50186,40340),(901941,50186,40834),(901942,50186,40545),(901943,50186,40420),(901944,50186,41341),(901945,50186,40395),(901946,50186,40168),(901947,50186,40076),(901948,50186,40514),(901949,50186,40165),(901950,50186,40435),(901951,50186,40576),(901952,50186,40516),(901953,50186,41638),(901954,50186,41407),(901955,50186,40726),(901956,50186,41603),(901957,50186,41266),(901958,50186,40103),(901959,50186,41011),(901960,50186,40835),(901961,50186,40709),(901962,50186,41130),(901963,50186,40346),(901964,50186,40557),(901965,50186,40193),(901966,50186,40042),(901967,50186,40801),(901968,50186,41070),(901969,50187,40027),(901970,50187,41415),(901971,50187,41001),(901972,50187,40750),(901973,50187,41153),(901974,50187,40105),(901975,50187,40899),(901976,50187,40517),(901977,50187,40295),(901978,50187,40637),(901979,50188,40884),(901980,50188,41554),(901981,50188,40681),(901982,50188,40924),(901983,50188,41050),(901984,50188,40259),(901985,50188,40741),(901986,50188,41114),(901987,50188,40985),(901988,50188,41687),(901989,50188,41446),(901990,50189,41234),(901991,50189,40467),(901992,50189,41721),(901993,50189,41374),(901994,50189,41151),(901995,50189,41491),(901996,50189,40852),(901997,50189,40433),(901998,50189,40104),(901999,50189,40028);
INSERT INTO MOVIE_CAST VALUES (902000,50190,40303),(902001,50190,41058),(902002,50190,40091),(902003,50190,41689),(902004,50190,41367),(902005,50190,41274),(902006,50190,40758),(902007,50190,41546),(902008,50190,40530),(902009,50190,41114),(902010,50190,41224),(902011,50191,40067),(902012,50191,40519),(902013,50191,41160),(902014,50191,40143),(902015,50191,41170),(902016,50191,40221),(902017,50191,40439),(902018,50191,40385),(902019,50192,40918),(902020,50192,40472),(902021,50192,41227),(902022,50192,40797),(902023,50192,40969),(902024,50192,40567),(902025,50192,40671),(902026,50192,41379),(902027,50192,41310),(902028,50192,40469),(902029,50193,40588),(902030,50193,40625),(902031,50193,41120),(902032,50193,41724),(902033,50193,40506),(902034,50193,40111),(902035,50193,41123),(902036,50193,40217),(902037,50193,40657),(902038,50193,40148),(902039,50194,41630),(902040,50194,41165),(902041,50194,40112),(902042,50194,41014),(902043,50194,40136),(902044,50194,41493),(902045,50194,40528),(902046,50194,40110),(902047,50194,41727),(902048,50194,40084),(902049,50195,40390),(902050,50195,40383),(902051,50195,41450),(902052,50195,41280),(902053,50195,41436),(902054,50195,40664),(902055,50195,41669),(902056,50195,40343),(902057,50195,41034),(902058,50195,41617),(902059,50195,40888),(902060,50196,40990),(902061,50196,40147),(902062,50196,41683),(902063,50196,41694),(902064,50196,41035),(902065,50196,41155),(902066,50196,40409),(902067,50196,40336),(902068,50196,40719),(902069,50196,40205),(902070,50197,40269),(902071,50197,40355),(902072,50197,40617),(902073,50197,40401),(902074,50197,40882),(902075,50197,40458),(902076,50197,40302),(902077,50197,41215),(902078,50197,41214),(902079,50197,40507),(902080,50198,40432),(902081,50198,41478),(902082,50198,41600),(902083,50198,41188),(902084,50198,41496),(902085,50198,41336),(902086,50198,40441),(902087,50198,41604),(902088,50198,41706),(902089,50198,41540),(902090,50199,40005),(902091,50199,40117),(902092,50199,41519),(902093,50199,40080),(902094,50199,40168),(902095,50199,40327),(902096,50199,40078),(902097,50199,41705),(902098,50199,40406),(902099,50199,40119);


